"id","Area","AP Name","Ethernet MAC Address","IP Address","AP Location","Uso"
1,9,"PEA-Aula_I2","d8:67:d9:9f:6e:80","10.200.16.131","Polo Economia Agraria - P2 Aula I2","Didattica"
2,9,"PEA-Aula_H1","d4:8c:b5:2f:4b:2a","10.200.17.109","Polo Economia Agraria - P1 Aula H1","Didattica"
3,9,"ECO_AulaB","24:e9:b3:7c:8c:70","10.200.16.151","Facoltà di Economia - Aula B","Didattica"
4,19,"Centro_Avanzi_AP2","28:94:0f:39:14:67","10.200.9.39","Centro Enrico Avanzi (SSID Ciraa)","Docenti"
5,9,"PEA-Aula_F2","f0:f7:55:df:b3:9c","10.200.16.147","Polo Economia Agraria - P2 Aula F2","Didattica"
6,9,"PEA-Aula_I1","d4:8c:b5:04:91:29","10.200.17.108","Polo Economia Agraria - P1 Aula I1","Didattica"
7,40,"FARM_AP_AulaMagna","f4:0f:1b:e7:11:3e","10.200.6.90","Piano Rialzato Aula Magna","Sala convegni"
8,25,"DI-B70-03-SeminariEst","88:43:e1:37:60:3f","10.200.16.114","Dip. Informatica Seminari Est","Sala convegni"
9,15,"Polo_Guidotti_P1_AP1","30:e4:db:95:04:54","10.200.9.64","Polo Didattico Guidotti","Biblioteca"
10,60,"Polo_Carmignani_AulaMagna","88:43:e1:78:18:a5","10.200.23.114","Polo Carmignani","Sala convegni"
11,2,"AGR-Mariscoglio-Corridoio-PT","60:73:5c:c3:82:77","10.200.23.70","AGR-Mariscoglio-Corridoio-PT","Transito"
12,3,"Rettorato_Prorettori","c4:7d:4f:3a:9b:c6","10.200.9.28","Palazzo_alla_Giornata","Amministrazione Centrale"
13,44,"MC-Galleria_Uccelli_Rapaci_GMP","c4:7d:4f:3a:3e:ab","10.200.23.128","Galleria Monti Pisani Gallerie Uccelli Rapaci I3","Museo"
14,77,"BioChimica_Atrio","cc:46:d6:96:7d:b0","10.200.23.93","San Zeno Biochimica Atrio","Dormitorio"
15,54,"Pal_Lanfranchi_Ap#1","e8:65:49:44:50:a8","10.200.9.175","Palazzo Lanfranchi PT","Museo"
16,25,"DI-B70-03-Gemignani","f4:0f:1b:80:f8:0d","10.200.16.163","Dip Informatica di fronte studio Gemignani","Biblioteca"
17,13,"BiblioLM1_FrancesisticaAP2","c4:7d:4f:3b:2e:b7","10.200.10.40","Palazzo Matteucci","Biblioteca"
18,22,"CUS","64:9e:f3:89:43:33","10.200.16.164","Centro Universitario Sportivo (Via Napoli)","Ricreativo"
19,3,"Rettorato_Sala_Cherubini","28:94:0f:39:17:9d","10.200.9.55","Sala Cherubini - Palazzo alla Giornata","Amministrazione Centrale"
20,23,"CIS_MED_BiblioCardiotoracicoED10","28:94:0f:58:d3:60","10.200.23.150","Ed. 10 P2 Biblioteca Cardiotoracico","Medico"
21,4,"Aula_Studio_Pacinotti_P1_SX","28:94:0f:26:33:ac","10.200.16.120","Aula Studio Pacinotti","Biblioteca"
22,3,"Amm.Cen.AP_P1B_Palazzo_Vitelli","c4:7d:4f:3b:2d:c3","10.200.10.18","Palazzo Vitelli - Primo Piano - Armadio B","Amministrazione Centrale"
23,4,"Aula_Studio_Pacinotti_P1","c4:7d:4f:3b:2e:91","10.200.16.149","Aula Studio Pacinotti","Biblioteca"
24,44,"MC-ST_Ex_Francesco_2","88:43:e1:37:6b:e2","10.200.17.158","ST Ex Francenco I2","Museo"
25,79,"AP_MensaPraticelli","28:94:0f:26:28:bb","10.200.10.52","Mensa Universitaria Praticelli","Ricreativo"
26,3,"Amm.Cen.AP_P2A_Palazzo_Vitelli","c4:7d:4f:3a:90:d0","10.200.10.19","Palazzo Vitelli - Secondo Piano - Armadio A","Amministrazione Centrale"
27,70,"SSSUP_Portineria","70:ca:9b:eb:70:9f","10.200.10.38","Scuola Superiore S.Anna Portineria","Transito"
28,43,"AP_Mensa_P1","28:94:0f:63:c8:84","10.10.1.138","Mensa universitaria - Via dei Martiri","Ricreativo"
29,19,"Centro_Avanzi_AulaBenvenuti","c4:7d:4f:3a:9c:01","10.200.9.44","Centro Avanzi - Aula Benvenuti","Didattica"
30,26,"Ing-B46-DIC-Urbanistica-C","50:87:89:e2:b6:cb","10.200.3.219","Ing Triennio Urbanistica","Didattica"
31,26,"Ing-B40-Destec-Idraulica-P1",,,,"Didattica"
32,26,"Ing-B65-DIA-AerospazialePT","28:94:0f:63:cb:70","10.200.3.191","Ingegneria Aerospaziale PT","Didattica"
33,13,"BiblioLM1_FrancesisticaAP3","28:94:0f:39:19:50","10.200.10.42","Palazzo Matteucci","Biblioteca"
34,43,"AP_Mensa_PT","28:94:0f:39:18:9f","10.10.0.230","Mensa universitaria - Via dei Martiri","Ricreativo"
35,52,"PalCongressi_Reception","28:94:0f:26:2c:34","10.200.9.123","Palazzo dei Congressi - Reception lato bar","Sala convegni"
36,25,"DI-B70-03-RiunioniOvest","54:a2:74:cb:2c:ac","10.200.16.143","Dip. Informatica Riunioni Ovest","Sala convegni"
37,81,"Mensa_Betti","28:94:0f:26:23:99","131.114.35.66","Mensa Betti Cisanello - Complesso Marchesi","Ricreativo"
38,9,"ECO_Presidenza","54:a2:74:d1:44:1c","10.200.16.150","Dip. Economia","Segreterie Dipartimenti"
39,35,"MED-SM-Aula-C","54:a2:74:cb:3c:94","10.200.3.159","Scuola Medica","Medico"
40,23,"CIS_MED_Ed3_Ortopedia_St_54","70:70:8b:ef:1a:98","10.200.17.26","Cisanello Ed3 P1 Ortopedia","Medico"
41,9,"PEA-SalaConferenze","d4:8c:b5:75:f4:48","10.200.23.104","Polo Economia Agraria - PT Sala Conferenze","Sala convegni"
42,70,"SSSUP_Aula","64:9e:f3:89:42:f3","10.200.10.39","Scuola Superiore SantAnna","Didattica"
43,4,"Aula_Studio_Pacinotti_AP_Int","88:43:e1:37:60:6a","10.200.16.55","Aula Studio Pacinotti","Biblioteca"
44,26,"Ing-B46-DICI-Portineria","28:94:0f:58:d4:4d","10.200.3.209","Ing Triennio DICI Portineria","Transito"
45,13,"BiblioLM1_Francesistica","c4:7d:4f:3b:2e:59","10.200.10.41","Palazzo Matteucci","Biblioteca"
46,35,"DipInt_SalaStudioOvest_PT","fc:99:47:94:89:65","10.200.5.203","DipInt - Sala Studio a Dx del Prestito PT","Biblioteca"
47,45,"OrtoBotanico-B51-Grani-P1","64:9e:f3:0e:a1:89","10.200.10.103","Orto Botanico B51 Pal. Grani P1","Didattica"
48,26,"Ing-B44-Aula_C-4.2","e8:65:49:46:a5:d0","10.200.3.254","Ingegneria Polo C","Didattica"
49,9,"PEA-Aula_D1","a4:93:4c:c2:62:b3","10.200.17.113","Polo Economia Agraria - P1 Aula D1","Didattica"
50,25,"DM-B54-00-AulaMagna","50:87:89:dd:f7:26","10.200.16.125","DM PT Aula Magna","Sala convegni"
51,25,"BiblioMif-B55-01APCentrale","28:94:0f:58:d4:59","10.200.23.165","Marzotto Biblio MIF","Biblioteca"
52,2,"AGR_Mariscoglio_AulaE.Moschini","60:73:5c:c3:9c:fe","10.200.23.148","Via Mariscoglio - Piano Primo","Didattica"
53,9,"PEA-AulaStudenti","d4:8c:b5:3c:41:a7","10.200.23.112","Polo Economia Agraria - PT Aula Studenti","Didattica"
54,2,"AGR_Mariscoglio_SalaDottorandi","60:73:5c:a8:94:8d","10.200.23.120","Via Mariscoglio - Piano Terra - Sala Dottorandi","Docenti"
55,67,"Sapienza_Aula-36_PT","70:70:8b:ef:1c:0c","10.200.12.67","Sapienza PT St.36","Didattica"
56,9,"PEA-Aula_P1","a4:93:4c:d2:40:3e","10.200.17.110","Polo Economia Agraria - P1 Aula P1","Didattica"
57,3,"CRDU","88:43:e1:37:60:31","10.200.10.205","CRDU San Piero","Ricreativo"
58,17,"VET-B24-BiblioDip","54:a2:74:93:8f:e4","10.200.16.13","Veterinaria Piagge PT","Biblioteca"
59,9,"PEA-AulaMagna","d4:8c:b5:4e:9f:f8","10.200.23.142","Polo Economia Agraria - PT Aula Magna","Didattica"
60,3,"Amm.Cen.AP_P3_Palazzo_Vitelli","c4:7d:4f:3b:28:3f","10.200.10.13","Palazzo Vitelli - Terzo Piano","Amministrazione Centrale"
61,2,"AGR_Mariscoglio_Corridoio_P1","60:73:5c:e9:33:ad","10.200.23.111","Via Mariscoglio - Piano Primo - Corridoio","Transito"
62,81,"Mensa_Betti_Bis","fc:99:47:d5:44:3e","131.114.35.67","Mensa Betti Cisanello - Complesso Marchesi","Ricreativo"
63,16,"Biblio_Storia_delle_Arti_Bis","c4:7d:4f:3b:2e:9b","10.200.9.69","Biblioteca Storia delle arti - Guidotti","Biblioteca"
64,9,"PEA-Aula_M2","d8:67:d9:95:47:48","10.200.16.153","Polo Economia Agraria - P2 Aula M2","Didattica"
65,9,"PEA-Aula_F1","d4:8c:b5:75:f5:0a","10.200.17.107","Polo Economia Agraria - P1 Aula F1","Didattica"
66,9,"ECO_AulaA","24:e9:b3:7c:8c:6d","10.200.16.165","Facoltà di Economia - Aula A","Didattica"
67,80,"Biblio_SNA","e8:65:49:46:ab:d4","10.200.9.159","Via Derna","Biblioteca"
68,56,"JUS-PalazzoRicci_Aula_Studio_P1","c4:7d:4f:3b:2e:9e","10.200.9.118","Palazzo Ricci P1","Didattica"
69,9,"PEA-Aula_H2","d8:67:d9:9f:6f:90","10.200.16.97","Polo Economia Agraria - P2 Aula H2","Didattica"
70,26,"Ing-B46-Biblio-AP1","a4:6c:2a:f5:73:74","10.200.4.1","Ing Triennio Sala1 Biblio","Biblioteca"
71,25,"Aule-B55-00-CorridoioSid","e8:65:49:46:9c:d0","10.200.23.125","Marzotto Ed.B Corridoio SID (Polo2)","Didattica"
72,3,"Amm.Cen.AP_DirAmm","c4:7d:4f:3a:91:67","10.200.10.14","Palazzo Vitelli -Terzo Piano - Direttore","Amministrazione Centrale"
73,18,"BIO-EologiaP1_Ufficio_5","a0:3d:6f:98:a9:86","10.200.12.163","Etologia V. Volta6","Segreterie Dipartimenti"
74,26,"Polo_Etruria_Aula_F2","24:e9:b3:7c:8c:63","10.200.4.253","Polo Etruria Aula F2","Didattica"
75,25,"DMA_B28-01","c4:7d:4f:3b:2e:2c","10.200.16.112","Dipartimento Matematica Applicata","Didattica"
76,18,"BIO-B36-01-Corr","f8:72:ea:24:44:95","10.200.9.182","Polo Nobili - Piano Primo - Corridoio","Transito"
77,2,"AGR-B18_Aula_F_Int","54:a2:74:f2:0b:68","10.200.23.243","Agraria","Didattica"
78,2,"AGR_Mariscoglio_Corridoio_P1b","60:73:5c:a7:35:aa","10.200.17.114","Via Mariscoglio - Piano Primo - Corridoio","Transito"
79,12,"Biblio_Filosofia_SalaLettura","f8:72:ea:a6:bc:13","10.200.9.211","Biblioteca Filosofia - Palazzo Carità - Fronte Uff. Bucchioni","Biblioteca"
80,3,"Rettorato_SalaRossa","24:e9:b3:42:36:3e","10.200.10.21","Palazzo alla Giornata - Sala Rossa","Amministrazione Centrale"
81,56,"JUS-PalazzoRicci-Aula10_P1","54:a2:74:cb:2b:e0","10.200.9.201","Palazzo Ricci AUla 10","Didattica"
82,60,"Polo_Carmignani_Aula1","c4:7d:4f:3a:9c:06","10.200.23.254","Polo Carmignani","Didattica"
83,15,"Polo_Guidotti_P1_AP2","30:e4:db:d3:7e:aa","10.200.9.73","Polo Didattico Guidotti","Biblioteca"
84,9,"PEA-Aula_B2","d8:67:d9:95:4a:63","10.200.16.148","Polo Economia Agraria - P2 Aula B2","Didattica"
85,15,"Polo_Guidotti_P1_AP3","00:3a:99:eb:87:6e","10.200.9.63","Polo Didattico Guidotti","Biblioteca"
86,3,"Rettorato_SalaProrettori","88:43:e1:37:60:42","10.200.9.18","Sala Prorettori - Palazzo alla Giornata","Amministrazione Centrale"
87,9,"PEA-Bar","d4:8c:b5:75:f4:67","10.200.23.106","Polo Economia Agraria - PT Bar","Ricreativo"
88,25,"Aule-B55-01-AulaE1","f8:72:ea:46:ea:e0","10.200.23.225","Marzotto-Ed.B-AulaE1-P1","Didattica"
89,9,"PEA-Aula_D2","a4:93:4c:f3:0b:3a","10.200.16.156","Polo Economia Agraria - P2 Aula D2","Didattica"
90,4,"Aula_Studio_Pacinotti_AulaChecco","28:94:0f:39:18:f5","10.200.16.128","Aula Studio Pacinotti","Biblioteca"
91,26,"Ing-B46-DII-CorridoioP2.5","28:94:0f:39:19:33","10.200.3.183","ING-Triennio P2.5 DII vicino scale","Transito"
92,26,"Ing-B46_DESTEC-PT","54:a2:74:d1:2a:00","10.200.3.127","ngegneria Triennio (DSEA) - DESTEC PT","Didattica"
93,60,"Polo_Carmignani_Aula2","88:43:e1:37:5f:f6","10.200.23.224","Polo Carmignani","Didattica"
94,26,"Polo_Etruria_Ext","64:9e:f3:89:44:28","10.200.5.54","Polo Didattico Etruria","Transito"
95,62,"Polo_Portanuova_Aula_PN9","24:e9:b3:7c:8b:f5","10.200.3.138","Polo Portanuova Aula PN9","Didattica"
96,56,"JUS-Piazza_Cavalieri",,,,"Didattica"
97,9,"PEA-Aula_B1","d4:8c:b5:2f:4b:47","10.200.17.105","Polo Economia Agraria - P1 Aula B1","Didattica"
98,21,"USID","28:94:0f:26:16:40","10.200.16.132","Centro sostegno USID","Biblioteca"
99,26,"Ing-B46-Aule-Aula-A-1.1","a4:6c:2a:f5:73:64","10.200.4.18","Ing Triennio Aula A1.1","Didattica"
100,35,"MED-SM-Presidenza","a4:6c:2a:f5:75:40","10.200.4.19","Scuola Medica","Medico"
101,26,"Ing-B46-DESTEC-02","e8:65:49:44:51:c0","10.200.4.119","Triennio B46 PII","Didattica"
102,25,"DI-B70-03-AulaGerace","c4:7d:4f:3a:90:fa","10.200.16.115","Dip.Informatica - Aula Gerace","Sala convegni"
103,2,"AGR-Aula_F_Ext","e0:2f:6d:5b:d4:04","10.200.23.94","Agr. ED. B18 AulaF-Ext","Didattica"
104,76,"Retrovirus_SX","54:a2:74:93:84:18","10.200.23.144","Dip Retrovirus via Brennero","Biblioteca"
105,9,"PEA-Aula_M1","d4:8c:b5:04:8c:97","10.200.17.106","Polo Economia Agraria - P1 Aula M1","Didattica"
106,3,"Amm.Cen.AP_PT_Palazzo_Vitelli","c4:7d:4f:3a:91:40","10.200.10.17","Palazzo Vitelli","Amministrazione Centrale"
107,25,"DMA_B28-02","c4:7d:4f:3a:9b:bc","10.200.16.113","Dipartimento Matematica Applicata","Didattica"
108,38,"DSU-Nettuno_Ext","e0:2f:6d:12:5c:b3","10.200.11.169","Ex Hotel Nettuno","Transito"
109,1,"AccNav-Dormitorio4","c4:7d:4f:3a:4d:29","10.200.11.126","Pal. D.C.A.","Dormitorio"
110,26,"Ing-B46-DICCISM-Balconata","28:94:0f:58:d3:73","10.200.3.187","Triennio DICCISM Balconata","Docenti"
111,25,"Aule-B55-01-AulaO1","6c:41:6a:92:9c:1a","10.200.23.232","Marzotto-Ed.B-AulaO1-P1","Didattica"
112,26,"Ing-B42-DICI-P2_Corridoio_Mecc","cc:46:d6:4d:a5:7c","10.200.5.18","DICI Pal. Meccanica P2 Corridoio","Transito"
113,25,"BiblioMif-B55-01Corridoio","54:a2:74:f2:08:80","10.200.23.241","Marzotto Biblio MIF","Biblioteca"
114,9,"ECO_Portineria","28:94:0f:39:18:bc","10.200.16.158","Facoltà di Economia","Transito"
115,9,"ECO_Aula_Dottorandi","6c:41:6a:92:a4:6c","10.200.16.71","Facoltà di Economia - Aula dottorandi P1","Didattica"
116,52,"PalCongressi_Corridoio","54:a2:74:f2:08:54","10.200.9.253","Palazzo Congressi - Corridoio","Sala convegni"
117,25,"BiblioMif-B55-01APCentro","e8:65:49:44:4e:4c","10.200.16.119","Marzotto Biblio MIF","Biblioteca"
118,52,"PalCongressi_AulaD","54:a2:74:93:83:b0","10.200.9.117","Palazzo dei Congressi","Sala convegni"
119,25,"DF-B55-00-AulaN","28:94:0f:39:19:5b","10.200.23.110","Marzotto-DF-AulaN-Piano-Terra","Didattica"
120,1,"AccNav-Studio1","c4:7d:4f:3a:4d:2d","10.200.11.174","Accademia Navale Livorno","Biblioteca"
121,9,"ECO_AulaStudio","c4:7d:4f:3b:2e:ab","10.200.16.49","Facoltà di Economia","Biblioteca"
122,1,"AccNav-Dormitorio3","00:26:99:57:30:84","10.200.11.184","Pal. D.C.A.","Dormitorio"
123,26,"Ing-B42-DICI-P1_Corridoio_Mecc","cc:46:d6:4d:a5:9c","10.200.5.22","DICI Pal. Meccanica P1 Corridoio","Transito"
124,30,"DST-B36-01-Ext","28:94:0f:01:30:d1","10.200.9.45","Dipartimento di Scienze della Terra","Didattica"
125,12,"CFS-P1-Storia-Dottorandi","f4:0f:1b:81:09:2b","10.200.9.210","Pal. Carita P1 Storia Dottorandi","Didattica"
126,1,"AccNav-Dormitorio1","c4:7d:4f:3a:e5:95","10.200.11.130","Pal. D.C.A.","Dormitorio"
127,25,"Polo2-B71-EdE-RetroExt","54:a2:74:cb:2f:14","10.200.16.10","Marzotto Ed.E","Transito"
128,3,"Amm.Cen.AP_P1A_Palazzo_Vitelli","c4:7d:4f:3b:2d:94","10.200.10.15","Palazzo Vitelli","Amministrazione Centrale"
129,3,"AP_Mancini-P1","00:22:bd:df:04:de","10.200.10.4","Palazzina Mancini Piano Primo","Amministrazione Centrale"
130,62,"Polo_Portanuova_Aula_PN4","28:94:0f:39:19:58","10.200.3.186","Polo Didattico Portanuova Aula PN4","Didattica"
131,3,"Amm.Cen.AP_PT_SalaFormazione","c4:7d:4f:3b:2d:d2","10.200.10.16","Palazzo Vitelli","Amministrazione Centrale"
132,35,"MED-SC-Ed18-Radiologia_PT","28:94:0f:26:31:80","10.200.5.204","Radiologia Santa Chiara Ed18 PT","Medico"
133,1,"AccNav-NavigazionePiana2","f8:66:f2:1d:30:de","10.200.11.101","Accademia Navale di Livorno","Didattica"
134,25,"DM-B54-00-Aula4","f8:c2:88:34:d8:24","10.200.16.161","DM PT sopra Aula4","Didattica"
135,62,"Polo_Portanuova_Aula_PN10","cc:46:d6:4d:dd:e4","10.200.3.148","Polo Portanova Aula 10","Didattica"
136,62,"Polo_Portanuova_Aula_PN1Bis","cc:46:d6:96:81:ac","10.200.3.242","Polo Portanova Aula PN1 Lato bar","Didattica"
137,62,"Polo_Portanuova_Aula_PN2","24:e9:b3:42:36:4b","10.200.3.134","Polo Portanuova Aula PN2","Didattica"
138,56,"JUS-PalazzoRicci_P1_Ext","70:ca:9b:eb:77:bc","10.200.9.61","Palazzo Ricci","Transito"
140,73,"Fermi-Colombani","50:87:89:e2:c7:85","10.200.9.158","Via Fermi - Piano Secondo - Colombani","Amministrazione Centrale"
141,1,"AccNav-NavigazionePiana1bis","64:9e:f3:90:5e:e9","10.200.11.132","Accademia Navale Livorno","Didattica"
142,4,"Aula_Studio_Pacinotti_AP_ExtB","2c:3f:38:be:27:7c","10.200.17.149","Aula Studio Pacinotti","Biblioteca"
143,17,"VET_B22_Piagge_Ext_SX","28:94:0f:01:30:d7","10.200.16.207","Facoltà di Veterinaria - Lato Piagge P1","Transito"
144,9,"ECO_Aula_5","28:94:0f:26:32:c8","10.200.16.133","Facoltà di Economia","Didattica"
145,26,"Polo_Etruria_Aula_F5","c4:7d:4f:3a:9b:d5","10.200.4.255","Polo Etruria","Didattica"
146,6,"Benedettine_AP_Room207","f4:0f:1b:e7:0d:e1","10.200.10.79","Benedettine PIano Primo Room 207","Sala convegni"
147,78,"DSU_Fascetti_Ext","28:94:0f:26:16:29","10.200.9.60","DSU_Fascetti_Ext (Lato Mensa)","Transito"
148,1,"AccNav_Studio2Bis","c8:4c:75:ee:1e:f9","10.200.11.119","Accademia Navale","Docenti"
149,1,"AccNav-Macchinette","00:26:99:86:b9:37","10.200.11.139","Accademia Navale Livorno","Ricreativo"
150,39,"LINGUE_Palazzo_Matteucci_Ext",,,,"Ricreativo"
151,9,"ECO_Aula2","24:e9:b3:5a:f4:1d","10.200.16.26","Facoltà di Economia - Aula 2","Didattica"
152,25,"DF-B55-01-LabDid-A","e8:65:49:44:52:e8","10.200.23.212","Marzotto Ed B P1","Didattica"
153,1,"AccNav-Dormitorio2","00:26:99:57:30:91","10.200.11.128","Pal. D.C.A.","Dormitorio"
154,4,"Aula_Studio_Pacinotti_AP_ExtA","d4:d7:48:6d:5f:fc","10.200.17.138","Aula Studio Pacinotti","Biblioteca"
155,1,"AccNav-Dormitorio19","44:d3:ca:62:a5:46","10.200.10.130","Pal. D.C.A.","Dormitorio"
156,1,"AccNav-ExMultimediale1","00:26:99:86:b9:bd","10.200.11.144","Accademia Navale Livorno","Didattica"
157,77,"DPS-CorridoioB-P2","f4:0f:1b:81:06:01","10.200.23.190","DPs S.Zeno 37 Ex Igiene Corridoio Bagni","Dormitorio"
158,9,"ECO_LatoGradoni_Ext","fc:99:47:44:33:db","10.200.16.142","Facoltà di Economia - Bar Lato gradoni","Transito"
159,35,"DipInt_CorridoioEST_AP_Nord","fc:99:47:94:89:ca","10.200.5.192","DipInt - Corridoio Est AP Nord PT","Segreterie Dipartimenti"
160,1,"AccNav-Infermeria","a4:93:4c:81:de:05","10.200.11.120","Pal. D.C.A.","Medico"
161,26,"Polo_Etruria_Aula_F6","24:e9:b3:6d:77:97","10.200.4.252","Polo Etruria Aula F6","Didattica"
162,25,"DF-B55-01-AulaV1","28:94:0f:26:33:b9","10.200.23.127","Marzotto DF-P1 Aula V1","Didattica"
163,1,"AccNav-Elettrotecnica","00:26:99:86:b9:36","10.200.11.136","Accademia Navale Livorno","Didattica"
164,25,"DF-B55-02-LabDid","e8:65:49:44:4f:78","10.200.23.138","Marzotto Ed B P2","Didattica"
165,16,"Biblio_Storia_delle_Arti","54:a2:74:93:70:e0","10.200.9.20","Biblioteca storia delle Arti PT","Biblioteca"
166,26,"Ing-B44-Aula_C-1.1_AP2","54:a2:74:1b:92:0c","10.200.3.124","Ingegneria Polo C","Didattica"
167,26,"Ing-B46-DESE-Ext","28:94:0f:01:30:c6","10.200.3.192","Ingegneria Triennio DESE","Didattica"
168,39,"FILELI_Curini_Ext","64:9e:f3:89:44:1b","10.200.9.77","Facoltà di Lingue - Palazzo Curini","Transito"
169,1,"AccNav-NavigazionePiana1","00:26:99:86:b9:75","10.200.11.131","Accademia Navale Livorno","Didattica"
170,26,"Polo_Etruria_Aula_F4","24:e9:b3:6d:79:2b","10.200.4.251","Polo Etruria Aula F4","Didattica"
171,25,"Aule-B55-01-AulaH1","28:94:0f:63:cb:4c","10.200.23.116","Marzotto-Ed.B-AulaH1-P1","Didattica"
172,9,"ECO_AulaMagna","24:e9:b3:7c:8a:b1","10.200.16.105","Facoltà di Economia - Aula Magna","Sala convegni"
173,39,"FILELI-B38-Aula_Magna_Storica","88:43:e1:37:60:67","10.200.10.44","Palazzo Matteucci","Sala convegni"
174,26,"Ing-B41-DICI-P2-Piaggio","58:ac:78:bb:ae:7c","10.200.5.27","DICI Palazzina Piaggio P2","Didattica"
175,25,"Aule-B55-00-AulaD","28:94:0f:63:cb:15","10.200.23.137","Marzotto-Ed.B-AulaD-Piano-Terra","Didattica"
176,9,"ECO_Aula_Windows","f8:72:ea:46:eb:42","10.200.16.155","Facoltà di Economia - Aula Windows - Piano Giuliana","Didattica"
177,25,"DMA_B28-01-Ext","28:94:0f:26:14:69","10.200.16.154","Dipartimento di Matematica Applicata","Didattica"
178,26,"Ing-B46-Aule-Aula-A-2.6","e8:65:49:46:a8:6c","172.26.3.34","Ing Triennio Aula A2.6","Didattica"
179,26,"Ing_B45_DICI_P1_Scale","cc:46:d6:aa:d6:5c","10.200.5.32","DICI B45 Palazzina Nucleari P1","Transito"
180,9,"ECO_Aula_C","28:94:0f:26:2c:b8","10.200.16.134","Facoltà di Economia","Didattica"
181,1,"AccNav-Dormitorio6","c4:7d:4f:3a:e5:bc","10.200.11.123","Pal. D.C.A.","Dormitorio"
182,1,"AccNav-Aula_M2","00:26:99:86:b9:a6","10.200.11.137","Accademia Navale Livorno","Didattica"
183,1,"AccNav-ServizioSanita","c4:7d:4f:3a:e5:c1","10.200.11.173","Accademia Navale Livorno","Medico"
184,25,"Marzotto_EdD_Portineria","28:94:0f:26:2b:46","10.200.16.129","Marzotto Edificio D - Portineria","Transito"
185,25,"SMFN-Sala_Supervisione","28:94:0f:01:30:e0","10.200.23.105","Cortile ingresso Fibonacci (Jfib ge-1/3/9)","Locali tecnici"
186,26,"Ing-B46-DIC-Urbanistica-A","50:87:89:c1:2e:58","10.200.3.145","Ing. Triennio Urbanistica","Didattica"
187,9,"ECO_RadioEco_Ext","64:9e:f3:0e:a0:9d","10.200.16.145","Facoltà di Economia","Transito"
188,26,"Ing-B46-DIC-Urbanistica-B","f4:0f:1b:81:06:3c","10.200.3.217","Ing. Triennio Urbanistica","Didattica"
189,1,"AccNav-Aula_Internet","00:26:99:57:2b:eb","10.200.11.147","Accademia Navale Livorno","Biblioteca"
190,39,"Biblio_LM2_Anglistica","28:94:0f:39:18:b2","10.200.9.74","Biblioteca Anglistica - Palazzo Scala PT","Biblioteca"
191,25,"Aule-B55-01-PortineriaP1","f8:72:ea:24:34:c8","10.200.16.130","Marzotto-Ed.B-PortineriaP1","Transito"
192,25,"Aule-B55-00-AulaA","f8:72:ea:a6:b9:dc","10.200.17.127","Marzotto-Ed.B-AulaA-Piano-Terra","Didattica"
193,12,"Biblio_Filosofia_Chiesina","f8:72:ea:46:eb:69","10.200.9.213","Biblioteca Filosofia - Palazzo Carità","Biblioteca"
194,9,"ECO_AP17-AulaMagna-B","54:a2:74:f2:07:f0","10.200.23.223","ECO Piano Piazza Aula Magna-Aula B","Sala convegni"
195,25,"Aule-B55-00-AulaH","f8:72:ea:46:cb:43","10.200.23.191","Marzotto-Ed.B-AulaH-Piano-Terra","Didattica"
196,25,"Aule-B55-00-AulaM","f8:72:ea:46:c9:dd","10.200.16.184","Marzotto-Ed.B-AulaM-Piano-Terra","Didattica"
197,25,"Aule-B55-00-AulaI-L","f8:72:ea:46:cc:1f","10.200.16.185","Marzotto-Ed.B-AulaI-L-Piano-Terra","Didattica"
198,25,"DF-B55-00-AulaG","f8:72:ea:86:fd:7f","10.200.23.214","Marzotto-DF-AulaG-Piano-Terra","Didattica"
199,25,"DF-B55-00-AulaF","f8:72:ea:a6:bc:58","10.200.23.192","Marzotto-DF-AulaF-Piano-Terra","Didattica"
200,25,"Polo2-B71-EdE-AulaMagna","54:a2:74:f2:0d:6c","10.200.16.140","Marzotto Ed.E","Sala convegni"
201,26,"Ing-B66-DII-Atrio-A0","e8:65:49:44:51:78","10.200.5.14","Ing DII Via Caruso Atrio A0","Didattica"
202,9,"Biblio_Eco_P.T.","24:e9:b3:6d:78:a6","10.200.16.110","Facoltà di Economia - Biblioteca PT","Biblioteca"
203,25,"Aule-B55-00-AuleB-C","f8:72:ea:a6:bb:76","10.200.23.187","Marzotto-Ed.B-AuleB-C-Piano-Terra","Didattica"
204,25,"Aule-B55-00-AulaE","f8:72:ea:a6:bb:cf","10.200.23.181","Marzotto-Ed.B-AulaE-Piano-Terra","Didattica"
205,26,"Ing-B42-DICI-PT_St9_Mecc","58:ac:78:bb:74:84","10.200.5.25","DICI Pal. Meccanica PT Officina","Didattica"
206,9,"Biblio_Eco_P.1.","24:e9:b3:7c:8a:a8","10.200.16.111","Facoltà di Economia - Biblioteca P1","Biblioteca"
207,9,"ECO_AulaStudio_PT","f8:72:ea:24:44:fa","10.200.16.102","Facoltà di Economia - Aula Studio - Di fianco Aula Magna","Biblioteca"
208,9,"ECO_Aula_4","f8:72:ea:23:cf:01","10.200.16.103","Facoltà di Economia - Aula 4 PT","Didattica"
209,39,"FILELI_Venera_Ext","64:9e:f3:89:44:8a","10.200.9.72","Palazzo Venera","Transito"
210,1,"AccNav-Professori","00:26:99:57:30:3e","10.200.11.141","Accademia Navale Livorno","Docenti"
211,17,"VET-B23-Aula_A","54:a2:74:d1:29:cc","10.200.23.249","Veterinaria Piagge","Didattica"
212,1,"AccNav-Portaerei_SegreteriaCP","00:22:bd:18:16:f2","10.200.11.146","Accademia Navale Livorno","Segreterie Dipartimenti"
213,3,"Rettorato_Uff_Rettore","c4:7d:4f:3a:9b:dc","10.200.9.32","Palazzo alla Giornata - Uff. Segreteria Rettore","Amministrazione Centrale"
214,26,"Ing-B42-DESTEC-DEN-Ext","64:9e:f3:89:43:25","10.200.3.185","DESTEC Ing Capannone Meccanica","Didattica"
215,9,"ECO_CSIFE_Ext","28:94:0f:26:16:28","10.200.16.160","Facoltà di Economia","Transito"
216,19,"AGR-Patologia_Vegetale","54:a2:74:1b:91:c0","10.200.9.191","Patologia Vegetale -pal senesi- San Piero","Didattica"
217,26,"Ing-B46-AulaDidatticaInformatica","28:94:0f:58:d3:85","10.200.3.203","Ing Triennio AulaDidatticaInformatica-fianco Aula 2.8","Didattica"
218,62,"Polo_Portanuova_PN6_Elearni","24:e9:b3:6d:78:a8","10.200.9.21","Polo Portanuova Aula PN6","Didattica"
219,1,"AccNav-Dormitorio8","00:26:99:57:30:c4","10.200.11.125","Pal. D.C.A.","Dormitorio"
220,3,"Rettorato_Ufficio_Paci","c4:7d:4f:3b:2e:70","10.200.9.27","Palazzo alla Giornata P3","Amministrazione Centrale"
221,17,"VET_B22_Piagge_Ext_DX","28:94:0f:01:30:dc","10.200.16.206","Facoltà di Veterinaria - Lato Piagge P1","Didattica"
222,25,"DF-B55-01-Passerella","64:9e:f3:8e:da:cc","10.200.23.145","Marzotto DF-P1-PassaggioEDB-EDC","Biblioteca"
223,1,"AccNav-Fisica","00:26:99:86:b8:b0","10.200.11.135","Accademia Navale Livorno","Didattica"
224,30,"DST-B36-00-Cortile","28:94:0f:26:16:6e","10.200.9.50","Dipartimento di Scienze della Terra","Transito"
225,1,"AccNav-Dormitorio5","c4:7d:4f:3a:4d:60","10.200.11.127","Pal. D.C.A.","Dormitorio"
226,71,"MuseoCalcolo_PT_AP_3","cc:46:d6:4d:dd:50","10.200.6.244","Vecchi Macelli EdB Museo Calcolo PT","Museo"
227,1,"AccNav-Dormitorio19_2","c4:7d:4f:3a:cf:62","10.200.11.162","Accademia Navale - Dormitorio 19","Dormitorio"
228,25,"DI-B70-03-Lab303","f4:0f:1b:e7:18:57","10.200.16.124","Dip Informatica di fronte Lab.303","Docenti"
229,25,"DI-B70-03-Ricci","f4:0f:1b:81:09:09","10.200.16.123","Dip Informatica di fronte studio Ricci","Docenti"
230,25,"DI-B70-03-RiunioniEst","f4:0f:1b:81:06:69","10.200.16.121","Dip Informaticadi fronte  Sala Riunioni Est","Sala convegni"
231,25,"DF-B55-Amm-Arimondo","24:e9:b3:42:36:2d","10.200.16.170","Marzotto Ammezzato LAboratorio Arimondo/Fuso","Segreterie Dipartimenti"
232,1,"AccNav-Dormitorio19_3","e0:2f:6d:12:53:ae","10.200.11.121","Accademia Navale - Dormitorio 19","Dormitorio"
233,5,"DCCI-B74-00-Bar","b8:38:61:93:83:4c","10.200.23.154","DCCI Bar PT","Didattica"
234,73,"Fermi-Cecchi-Cammillini","50:87:89:e2:b6:d3","10.200.11.64","Via Fermi Piano Terra - Corridoio","Amministrazione Centrale"
235,73,"Fermi-Castriotta-Bolognesi","50:87:89:e2:af:60","10.200.10.7","Via Fermi Piano Terra fine Corridoio","Amministrazione Centrale"
236,73,"Fermi-DeRosa-Crestani","50:87:89:dd:fd:25","10.200.9.190","Via Fermi Piano Terra","Amministrazione Centrale"
237,26,"Polo_Etruria_Aula_F8","24:e9:b3:5a:f4:49","10.200.4.248","Polo Etruria Aula F8","Didattica"
238,44,"MC-Cetacei2_GU","68:ef:bd:a4:ec:0a","10.200.16.172","Cetace-Galleria Uccelli I0","Museo"
239,25,"Marzotto_EdD_AulaD5","f4:0f:1b:e7:18:0e","10.200.17.118","Marzotto Ed.D Aula D5","Didattica"
240,5,"DCCI-B74-00-AulaMagna","b8:38:61:93:84:b1","10.200.23.248","Aula Magna DCCI PT","Didattica"
241,25,"DI-B70-03-Ambriola","f4:0f:1b:81:06:06","10.200.16.157","Dip Informatica di fronte studio Ambriola","Docenti"
242,25,"DF-B55-00-LabTonelli","24:e9:b3:7c:8c:ad","10.200.16.168","Marzotto-DF-LabTon-Piano-Terra","Docenti"
243,56,"JUS-PalazzoRicciP3","24:e9:b3:5a:f4:23","10.200.9.22","Palazzo Ricci Piano 3","Didattica"
244,13,"Biblio_LM1_Matteucci","24:e9:b3:7c:8b:e0","10.200.10.45","Biblioteca LM1 Pal. Matteucci","Biblioteca"
245,1,"AccNav-Dormitorio19_1","a4:4c:11:7f:9b:f8","10.200.11.165","Accademia Navale - Dormitorio 19","Dormitorio"
247,25,"Marzotto_EdD_AulaD4","24:e9:b3:6d:79:3f","10.200.16.167","Marzotto Edificio D Aula D4","Didattica"
248,25,"Marzotto_EdD_AulaD2","24:e9:b3:5a:f4:98","10.200.16.166","Marzotto Edificio D Aula D2","Didattica"
249,5,"DCCI-B74-00-Biblioteca","b8:38:61:93:83:a3","10.200.23.155","Biblioteca DCCI PT","Biblioteca"
250,25,"DI-B70-03-Fabiani","f4:0f:1b:81:07:46","10.200.16.122","Dip Informatica di fronte studio Fabiani","Docenti"
251,25,"DI-B70-03-Bonuccelli","50:87:89:dd:fd:18","10.200.16.108","Dip Informatica di fronte studio Bonuccelli","Docenti"
252,44,"MC-Ingresso_Museo_GMP","88:43:e1:78:18:14","10.200.23.136","Galleria Monti Pisani ex Museo Pietre I1","Museo"
253,25,"DF-B55-01-StDocsx","24:e9:b3:7c:8b:b4","10.200.23.65","Marzotto DF-P1 Studi Docenti SX","Didattica"
254,25,"DF-B55-01-StDocdx","24:e9:b3:7c:8c:55","10.200.23.66","Marzotto DF-P1 Studi Docenti DX","Didattica"
255,25,"Marzotto_EdD_AulaD3","f8:c2:88:34:d8:25","10.200.17.117","Marzotto Edificio D Aula D","Didattica"
256,25,"DI-B70-03-Lab298b","f4:0f:1b:80:ee:dd","10.200.16.152","Dip Informatica di fronte Lab. 298B","Docenti"
257,25,"DI-B70-03-Occhiuto","f4:0f:1b:e7:0b:97","10.200.16.146","Dip Informatica di fronte studio Occhiuto","Docenti"
258,62,"Polo_Portanuova_Aula_PN3","24:e9:b3:7c:8c:52","10.200.3.123","Polo Portanuova Aula PN3","Didattica"
259,76,"BIO-D37-00-Corr","24:e9:b3:5a:f5:06","10.200.16.169","Biologia Cellulare - Dietro Retrovirus - Piano Terra","Transito"
260,13,"BiBlio_LM1_Matteucci-AP2","24:e9:b3:7c:8c:a8","10.200.10.46","Biblioteca LM1 Pal. Matteucci PT-D041","Biblioteca"
261,25,"DI-B70-03-Canciani","f4:0f:1b:e7:11:65","10.200.16.159","Dip Informatica di fronte studio Canciani","Docenti"
262,73,"Fermi-Billi","50:87:89:dd:fb:05","10.200.9.200","Via Fermi - Piano Primo - Billi","Amministrazione Centrale"
263,6,"Benedettine_AP_Room108","50:87:89:c1:3c:79","10.200.10.58","Benedettine PIano Terra Room 108","Sala convegni"
264,6,"Benedettine_AP_Room302","f4:0f:1b:81:0f:40","10.200.10.81","Benedettine PIano Secondo Room 302","Sala convegni"
265,73,"Fermi-Aprile","50:87:89:dd:fd:9e","10.200.9.147","Via Fermi - Piano Secondo - Aprile","Amministrazione Centrale"
266,40,"FARM_AP_LabRiconoscimenti","f8:c2:88:38:84:d4","10.200.6.69","Piano Rialzato Laboratorio Riconoscimenti","Didattica"
267,40,"FARM_AP_LabRossello","50:87:89:de:03:c6","10.200.6.74","Piano Primo Laboratorio Prof. Rossello","Didattica"
268,6,"Benedettine_AP_Room210","f4:0f:1b:e7:0d:64","10.200.10.74","Benedettine PIano Primo Room 210","Sala convegni"
269,6,"Benedettine_AP_Room310","f4:0f:1b:81:09:d3","10.200.10.83","Benedettine PIano Secondo Room 310","Sala convegni"
270,26,"Polo_Etruria_Aula_F7","28:94:0f:39:16:f3","10.200.5.2","Polo Etruria","Didattica"
271,40,"FARM_AP_ExBiblioteca","50:87:89:dd:fa:64","10.200.6.79","Piano Primo Corridoio Ex Biblioteca","Biblioteca"
272,62,"Polo_Portanuova_Ext","64:9e:f3:89:44:57","10.200.3.194","Polo Didattico Portanuova","Transito"
273,73,"Fermi-Biasci","f4:0f:1b:81:04:ae","10.200.9.193","Via Fermi - Piano Primo - Biasci","Amministrazione Centrale"
274,6,"Benedettine_AP_Superior1-2","50:87:89:e2:c4:1f","10.200.10.75","Benedettine PIano Primo Suite","Sala convegni"
275,6,"Benedettine_AP_Room223","f4:0f:1b:81:08:bf","10.200.10.76","Benedettine PIano Primo Room 223","Sala convegni"
276,6,"Benedettine_AP_Room204","f4:0f:1b:81:05:d6","10.200.10.77","Benedettine PIano Primo Room 204","Sala convegni"
277,77,"BioChimica_Corridoio","58:ac:78:c4:d0:58","10.200.23.186","San Zeno Biochimica Corridoio","Transito"
278,40,"FARM_AP_AulaStudio","50:87:89:e2:bd:8b","10.200.6.92","Piano Seminterrato Aula Studio","Biblioteca"
279,40,"FARM_AP_Calderone","f4:0f:1b:80:ef:d2","10.200.6.91","Piano Seminterrato Calderone","Docenti"
280,40,"FARM_AP_LabDaSettimo","f4:0f:1b:81:15:15","10.200.6.75","Piano Primo Laboratorio Prof. Da Settimo","Didattica"
281,40,"FARM_AP_LabAnalitica","f4:0f:1b:e7:11:3c","10.200.6.67","Piano Primo Laboratorio Analitica","Didattica"
282,40,"FARM_AP_Ascensore_PT(33)","f8:c2:88:38:84:ae","10.200.6.89","Farmacia Via Bonanno 33 PT Ascensore","Transito"
283,40,"FARM_AP_Burgalassi","50:87:89:e2:c7:af","10.200.6.86","Farmacia Via Bonanno 33 P1 Burgalassi","Docenti"
284,6,"Benedettine_AP_Room101","f4:0f:1b:80:f8:42","10.200.10.72","Benedettine PIano Terra Room 101","Sala convegni"
285,6,"Benedettine_AP_RoomDirettore","f4:0f:1b:81:08:7c","10.200.10.63","Benedettine PIano Terra Room Direttore","Sala convegni"
286,25,"DI-B70-03-Danelutto","f4:0f:1b:80:ef:8b","10.200.16.66","Dip Informatica di fronte studio Danelutto","Docenti"
287,40,"FARM_AP_AuleA-B","50:87:89:c1:36:db","10.200.6.62","Piano Rialzato Aule A e B","Didattica"
288,40,"FARM_AP_LabMacchia","f4:0f:1b:e7:17:1b","10.200.6.70","Piano Primo Laboratorio Prof. Macchia","Didattica"
289,6,"Benedettine_AP_Room304","50:87:89:e2:c7:ba","10.200.10.82","Benedettine PIano Secondo Room 304","Sala convegni"
290,30,"DST-B36-03-B","88:f0:31:e3:bd:a8","10.200.9.19","DST-Palazzo Granduca-P3","Didattica"
291,30,"DST-B36-03-A","88:f0:31:e3:c0:9a","10.200.9.16","DST-Palazzo Granduca-P3","Didattica"
292,6,"Benedettine_AP_Ascensore","50:87:89:e2:c6:60","10.200.10.84","Ex_Benedettine_P2","Sala convegni"
293,40,"FARM_AP_LabQualitativa","f4:0f:1b:e7:0d:50","10.200.6.66","Piano Rialzato Laboratorio Qualitativa","Didattica"
294,2,"AGR-Biblioteca","f4:0f:1b:81:05:26","10.200.16.3","Biblioteca Agraria PT Edificio B9","Biblioteca"
295,6,"Benedettine_AP_EXT","78:da:6e:5a:06:7c","10.200.10.80","EX_Benedettine_cortile","Sala convegni"
296,26,"Ing-B66-DII-Atrio-B1","e8:65:49:46:a8:74","10.200.5.7","Ing DII Via Caruso P1 Atrio B1","Didattica"
297,15,"BiblioSTA","50:87:89:dd:ed:bb","10.200.9.119","Biblioteca Storia delle arti - Guidotti","Biblioteca"
298,26,"Ing-B66-DII-Atrio-C2","54:a2:74:d1:2a:a8","10.200.5.11","Ing DII Via Caruso P2 Atrio C2","Didattica"
299,40,"FARM_AP_LabSostanzeRadioattive","f4:0f:1b:81:04:dc","10.200.6.76","Piano Secondo Laboratorio Sostanze Radioattive","Didattica"
300,73,"Fermi-Pardini","f4:0f:1b:e7:0c:a1","10.200.9.195","Via Fermi - Piano Secondo - Pardini","Amministrazione Centrale"
301,26,"Ing-B46-DEN","f4:0f:1b:81:05:1e","172.26.3.54","Ing B46 Energetica PT","Didattica"
302,40,"FARM_AP_Dottorandi","50:87:89:c1:2d:fb","10.200.6.61","Piano Seminterrato Aula Dottorandi","Docenti"
303,40,"FARM_AP_BioAssegnisti","50:87:89:e2:af:5f","10.200.6.72","Piano Seminterrato Laboratorio BioAssegnisti","Docenti"
304,40,"FARM_AP_Fogli","50:87:89:e2:c8:fa","10.200.6.82","Piano Secondo - Ufficio Prof. Fogli","Docenti"
305,40,"FARM_AP_Chetoni","50:87:89:e2:bf:93","10.200.6.64","Farmacia Via Bonanno 33 P1 Chetoni","Docenti"
306,40,"FARM_Ap_Ecdl","f4:0f:1b:81:09:39","10.200.6.85","Farmacia Via Bonanno 33 Aula Ecdl","Docenti"
307,2,"AGR-B09-AP11","f8:c2:88:84:16:8d","10.200.23.195","P2","Didattica"
308,2,"AGR-Aula3","f4:0f:1b:81:04:e5","10.200.23.238","Piano Secondo - Aula 3","Didattica"
309,2,"AGR-B10-Corridoio_P1","f4:0f:1b:81:00:0c","10.200.23.218","Agraria Edificio B10 P1","Transito"
310,19,"Cli_Vet_PT_Ospedale","50:87:89:e2:c6:7b","10.200.9.163","C. Vet. PT(nuovo) S.Piero Terapia Intensiva","Docenti"
311,62,"Polo_Portanuova_Aula_PN1","28:94:0f:39:14:62","10.200.3.184","Polo Didattico Portanuova Aula PN1","Didattica"
312,40,"FARM_AP_Portineria","f8:c2:88:38:84:cc","10.200.6.84","Farmacia Via Bonanno 33 PT Portineria","Transito"
313,2,"AGR-B09-AP2","f4:0f:1b:81:09:88","10.200.23.200","PT","Didattica"
314,2,"AGR-B09-AP3","50:87:89:dd:fc:89","10.200.23.235","PT","Didattica"
315,2,"AGR-B09_AP19","50:87:89:dd:fd:15","10.200.23.203","PT","Didattica"
316,2,"AGR-B09-Aula6","50:87:89:dd:fc:e8","10.200.23.230","Piano Primo - Aula 6","Didattica"
317,2,"AGR-B19_AP6","f4:0f:1b:81:09:70","10.200.23.217","P1","Didattica"
318,19,"Cli_Vet_S_Riunioni","50:87:89:dd:fc:c1","10.200.9.103","C. Vet. P1(nuovo) S.Piero Sala Riunioni","Docenti"
319,40,"FARM_AP_Aule","f4:0f:1b:e7:0d:46","10.200.6.87","Farmacia Via Bonanno 33 Aule","Didattica"
320,2,"AGR-B09-Aula5","50:87:89:e2:c8:1b","10.200.23.213","PT","Didattica"
321,2,"AGR-AulaMagna","50:87:89:e2:c1:41","10.200.23.251","Piano secondo - su balconata che da in Aula Magna","Sala convegni"
322,2,"AGR-B09_AP12","f4:0f:1b:e7:0e:23","10.200.23.182","P2","Didattica"
323,2,"AGR-B09-AP16","f4:0f:1b:81:09:b9","10.200.23.193","P2","Didattica"
324,2,"AGR-B09_AP20","f8:c2:88:38:84:d0","10.200.23.220","P1","Didattica"
325,2,"AGR-B09-AP8_P1","f4:0f:1b:81:05:ca","10.200.16.16","Agraria Ed. B9 P1 Armadio A/3 ExChim_BioAgIn","Didattica"
326,40,"FARM_AP_SalaRiunioni","f4:0f:1b:81:06:27","10.200.6.83","Farmacia Via Bonanno 33 P2  Sala Riunioni","Docenti"
327,2,"AGR-VillaVictorine","f4:0f:1b:e7:18:00","10.200.23.242","Piano Terra","Docenti"
328,2,"AGR-B19-AP25","50:87:89:dd:fa:f5","10.200.23.179","Facoltà di Agraria - Ed. B19 Piano Primo","Didattica"
329,2,"AGR-B19-AP24","f4:0f:1b:81:00:35","10.200.23.176","Facoltà di Agraria - Ed. B19 Piano Primo","Didattica"
330,2,"AGR-B6-AP21","50:87:89:e2:c6:97","10.200.23.174","Agraria Ed. B6","Didattica"
331,19,"Cli_Vet_S_Lettura","50:87:89:e2:bd:2d","10.200.9.194","C. Vet. P1(vecchio) S.Piero Sala Lettura","Biblioteca"
332,40,"FARM_AP_Giorgelli","50:87:89:e2:c7:23","10.200.6.88","Farmacia Via Bonanno 33 P2 Giorgelli","Docenti"
333,40,"FARM_AP_Braca","50:87:89:dd:f5:27","10.200.6.71","Farmacia Via Bonanno 33 P3 Braca","Docenti"
334,2,"AGR-B09-AP1","f4:0f:1b:e7:0d:c6","10.200.23.184","PT","Didattica"
335,2,"AGR-B09-AP4","50:87:89:c1:36:df","10.200.23.189","PT","Didattica"
336,2,"AGR-B09-AP5","50:87:89:e2:c8:b1","10.200.23.178","PT","Didattica"
337,2,"AGR-B09-AP10","50:87:89:dd:f5:2e","10.200.16.7","P2","Didattica"
338,2,"AGR-B09_AP18","f4:0f:1b:e7:10:9e","10.200.23.175","P2","Didattica"
339,40,"FARM_AP_DiBussolo","f4:0f:1b:81:10:08","10.200.6.68","Farmacia Via Bonanno 33 P3 DiBussolo","Docenti"
340,2,"AGR-AP7_P1","88:f0:31:e3:bf:fb","10.200.23.67","ED. B9 P1 Armadio A/3 ExChim_BioAgIn","Didattica"
341,19,"Cli_Vet_P1_Nuovo","50:87:89:dd:f3:de","10.200.9.139","C. Veterinaria S.Piero P1 Nuovo","Didattica"
342,19,"Cli_Vet_PT_S_Attesa","50:87:89:e2:c7:bd","10.200.9.161","C. Veterinaria S.Piero PT vecchiosala attesa","Transito"
343,2,"AGR-B09-AP17","50:87:89:c1:3d:a3","10.200.23.216","P2","Didattica"
344,2,"AGR-B6_AP22","f4:0f:1b:e7:0c:a2","10.200.23.171","Facoltà di Agraria - Ed. B6 Piano Primo","Didattica"
345,2,"AGR-B09-AP9_P1","50:87:89:90:ab:a4","10.200.23.73","Agraria Ed B9 P1 Armadio A/3 ExChim_BioAgIn","Didattica"
346,19,"Cli_Vet_PT_Ambulatori","50:87:89:dd:fc:9c","10.200.9.122","C. Veterinaria S.Piero PT vecchio Ambulatori","Didattica"
347,25,"Aule-B55-00-Test","f4:0f:1b:81:14:fc","10.200.17.115","AulaB Aule Informatiche PT","Didattica"
348,25,"DM-B54-00-AulaStudio","f4:0f:1b:81:0f:fb","10.200.16.137","DM PT Aula Studio","Biblioteca"
349,25,"DM-B54-00-Aula2","f4:0f:1b:81:10:0c","10.200.16.138","DM PT Aula2","Didattica"
350,25,"DM-B54-01-St309","f4:0f:1b:e7:11:17","10.200.16.177","DM P1 Stanza 309","Docenti"
351,26,"Ing-B46-Aule-Aula-A-2.1","e8:65:49:44:4e:40","10.200.4.46","Ing Triennio Piano2","Didattica"
352,39,"FILELI_Boileau_Aula_Magna","54:a2:74:93:90:18","10.200.9.188","Palazzo Boileau","Sala convegni"
353,39,"FILELI_Boileau_Aula_1","e8:65:49:46:a5:84","10.200.9.107","Palazzo Boileau","Didattica"
354,35,"DipInt_SalaStudenti_P1","fc:99:47:d5:3f:95","10.200.5.194","DipInt - Sala Studenti davanti ascensori P1","Biblioteca"
355,9,"PEA-Aula_M1Ext","78:da:6e:60:a0:ee","10.200.17.95","Polo Economia Agraria - P1 Aula M1 Esterno","Didattica"
356,68,"DSP-A03_P1_AulaLett","e8:65:49:44:51:b0","10.200.9.160","Palazzo Bianchi Monzon Sc. Politiche PI","Didattica"
357,2,"AGR-AulaStudio_Genetica_B19","e8:65:49:44:53:90","10.200.23.239","Agraria ED.19 PT","Biblioteca"
358,12,"Biblio_Storia_e_Filosofia","54:a2:74:d1:47:c4","10.200.9.216","Biblioteca Storia e Filosofia PT","Biblioteca"
359,39,"BiblioLM2_Linguistica","54:a2:74:93:90:1c","10.200.9.156","Biblioteca Linguistica S.Maria 36 PT","Biblioteca"
360,25,"DM-B54-00-St107","f4:0f:1b:e7:0d:68","10.200.16.80","DM PT Stanza 107","Docenti"
361,26,"Ing-B46-DIC-Urbanistica-D","50:87:89:e2:bd:76","10.200.4.10","Ing. Triennio Urbanistica","Didattica"
362,26,"Ing-B42_DESTEC_P1_Corridoio","58:ac:78:c4:96:40","10.200.3.149","DESTEC Pal. Ferrovia Ex energetica","Transito"
363,37,"Biblio_ExChimica","54:a2:74:cb:2c:9c","10.200.8.161","Via Risorgimento","Biblioteca"
364,25,"DF-B55-01-LabDid-B","54:a2:74:cb:0f:20","10.200.16.4","Marzotto Ed B P1","Didattica"
365,25,"DF-B55-01-LabDid-C","54:a2:74:cb:2c:94","10.200.16.11","Marzotto Ed B P1","Didattica"
366,9,"PEA-Aula_P2","d4:8c:b5:4e:9f:7e","10.200.23.117","Polo Economia Agraria - P2 Aula P2","Didattica"
367,9,"PEA-Aula_C1Ext","78:da:6e:60:a1:84","10.200.17.99","Polo Economia Agraria - P1 Aula C1 Esterno","Didattica"
368,76,"Retrovirus_DX","e8:65:49:46:a4:ac","10.200.23.253","Dip Retrovirus via Brennero","Didattica"
369,26,"Ing-B46-Aula-A-1.1.4","54:a2:74:f2:05:4c","10.200.3.239","Ing. Triennio Aula 1.1.4","Didattica"
370,25,"Polo2-B71-EdE-ExCaldaia","54:a2:74:cb:2b:e8","10.200.16.78","Marzotto Ed.E","Locali tecnici"
371,25,"Polo2-B71-EdE-Aula1-2","e8:65:49:44:51:b4","10.200.16.162","Marzotto Ed.E","Didattica"
372,25,"DM-B54-01-St319","50:87:89:e2:c8:5c","10.200.16.173","DM P1 Stanza 319","Docenti"
373,25,"DM-B54-02-St203","50:87:89:e2:c8:c7","10.200.16.178","DM P2 Stanza 203","Docenti"
374,62,"Polo_Portanuova_AulaStudenti","24:e9:b3:42:37:4c","10.200.3.121","Polo Portanuova Aula Studenti","Biblioteca"
375,9,"PEA-Aula_L1Ext","78:da:6e:60:a1:78","10.200.17.100","Polo Economia Agraria - P1 Aula L1 Esterno","Didattica"
376,9,"PEA-Aula_Q1Ext","78:da:6e:60:a1:16","10.200.17.96","Polo Economia Agraria - P1 Aula Q1 Esterno","Didattica"
377,9,"PEA-E-Learning",,,,"Didattica"
378,44,"MC-Biglietteria","88:43:e1:78:21:b2","10.200.23.81","EX_Mostra_Minerali I0","Museo"
379,25,"Aule-B55-00-AulaC-Elearning","f4:0f:1b:80:ef:2f","10.200.16.85","Marzotto-Ed.B-AulaC-Piano-Terra","Didattica"
381,12,"CFS-A11-01-Aula1","a4:6c:2a:f5:5a:a0","10.200.9.170","Palazzo Carita PI Aula 1 (Filosofia)","Didattica"
382,52,"PalCongressi_Audit_AP_sx","54:a2:74:93:8c:00","10.200.10.120","Palazzo Congressi - Auditorium - Sinistro","Sala convegni"
383,25,"DM-B54-01-St211","f4:0f:1b:e7:12:ef","10.200.16.174","DM P1 Stanza 211","Docenti"
384,25,"DM-B54-01-St204","f4:0f:1b:81:14:fe","10.200.16.179","DM P1 Stanza 204","Docenti"
385,44,"MC-Rettili_GMP","c4:7d:4f:3a:d9:24","10.200.23.103","Galleria Monti Pisani exMuseo Pietre I2","Museo"
386,39,"LINGUE_Aula_3",,,,"Didattica"
387,39,"FILELI_Boileau_Aula_2","54:a2:74:cb:28:0c","10.200.9.196","Palazzo Boileau","Didattica"
388,44,"MC-ST_Ex_Francesco","88:43:e1:78:29:58","10.200.17.156","St. Ex Francesco I1","Museo"
389,67,"Sapienza_Aula-43_PT","2c:d0:2d:3f:58:e2","10.200.12.72","Sapienza PT St.43","Didattica"
390,44,"MC-ST_Ex_Francesco_0","88:43:e1:78:2d:ab","10.200.17.157","St. Ex Francesco I0","Museo"
391,3,"AP_Mancini-PT","00:22:bd:df:04:2b","10.200.10.5","Palazzina Mancini Piano Terra","Amministrazione Centrale"
392,12,"CFS-P1-Fil-Elearnimg","50:87:89:dd:ff:8c","10.200.9.177","Palazzo Carita PI Aula 2 (Filosofia)","Didattica"
393,52,"PalCongressi_Audit_AP_dx","a4:6c:2a:f5:75:18","10.200.10.119","Palazzo Congressi - Auditorium - Destro","Sala convegni"
394,17,"VET-Biblio-B23","54:a2:74:1b:91:c4","10.200.23.69","Biblioteca Veterinaria P1","Biblioteca"
395,17,"VET-B22-Aula_E","e8:65:49:46:a6:04","10.200.23.234","Veterinaria Piagge PT","Didattica"
396,40,"FARM_AP_AscensorePT","f4:0f:1b:81:05:c7","10.200.6.63","Piano Rialzato di fronte ascensore","Transito"
397,40,"FARM_AP_AscensoreP1","f4:0f:1b:81:04:e2","10.200.6.78","Piano Primo vicino ascensore","Transito"
398,40,"FARM_AP_Breschi","f4:0f:1b:e7:10:d4","10.200.6.77","Piano Secondo - Ufficio Prof. Breschi","Docenti"
399,17,"VET-B24-Aula_C","a4:6c:2a:f5:75:80","10.200.23.219","Veterinaria Piagge PT","Didattica"
400,6,"Benedettine_AP_SalaLetturaPT","f8:c2:88:34:d8:2f","10.200.10.73","Benedettine PIano Terra Sala Lettura","Sala convegni"
401,6,"Benedettine_AP_Room107","50:87:89:dd:fc:12","10.200.10.59","Benedettine PIano Terra Room 107","Sala convegni"
402,40,"FARM_AP_Minutolo","f4:0f:1b:81:09:82","10.200.6.65","Farmacia Via Bonanno 33 P2 Minutolo","Docenti"
403,40,"FARM_AP_Chiappe","f4:0f:1b:e7:10:da","10.200.6.81","Farmacia Via Bonanno 33 P1 Chiappe","Docenti"
404,2,"AGR-B09-AP15","50:87:89:e2:c1:7f","10.200.16.17","AGraria Edificio B9 P2 Arm A4/2","Didattica"
405,26,"Ing-B66-DII-Atrio-B0","e8:65:49:44:52:2c","10.200.5.13","Ing DII Via Caruso Atrio B0","Didattica"
406,17,"VET-B24-SalaLettura","54:a2:74:cb:28:b4","10.200.16.202","Veterinaria Piagge","Biblioteca"
407,26,"Ing-B46-ScuolaIng-AP2","24:e9:b3:7c:8a:a9","10.200.3.133","Scuola Ingegneria Triennio","Didattica"
408,54,"Pal_Lanfranchi_Ap#3","54:a2:74:93:8f:6c","10.200.9.165","Palazzo Lanfranchi P1","Museo"
409,54,"Pal_Lanfranchi_Ap#2","54:a2:74:cb:2d:c4","10.200.9.172","Palazzo Lanfranchi","Museo"
410,17,"VET-B24-BiblioDip-PAPIA","e8:65:49:44:4e:8c","10.200.16.209","Veterinaria Piagge","Biblioteca"
411,26,"Polo_Etruria_Aula_F1","c4:7d:4f:3a:90:53","10.200.5.0","Polo Etruria","Didattica"
412,25,"DM-B54-00-St128","50:87:89:e2:c8:1d","10.200.16.99","DM PT Stanza 128","Docenti"
413,25,"DM-B54-01-St306","f4:0f:1b:e7:11:4b","10.200.16.127","DM P1 Stanza 306","Docenti"
414,25,"DM-B54-01-SalaRiunioni","50:87:89:e2:c9:05","10.200.16.176","DM P1 Sala Riunioni","Sala convegni"
415,25,"DM-B54-01-St220","f4:0f:1b:81:08:c0","10.200.16.175","DM P1 Stanza 220","Docenti"
416,19,"Cli_Vet_P1_Dottorandi","50:87:89:dd:fd:34","10.200.10.28","C. Vet P1 (vecchio) S.Piero","Docenti"
417,26,"Polo_Etruria_Aula_F3","24:e9:b3:7c:8c:aa","10.200.4.250","Polo Etruria Aula F3","Didattica"
418,25,"DM-B54-00-Aula1","f4:0f:1b:81:09:63","10.200.16.139","DM PT Aula1","Didattica"
419,17,"VET-B22-PT","a0:3d:6f:98:aa:a2","10.200.18.5","Veterinaria Piagge B22 PT","Didattica"
420,25,"DF-B55-00-AulaO-P","54:a2:74:cb:2c:54","10.200.16.14","Marzotto Ed B PT","Didattica"
421,30,"DST-B36-01-Aula_E","cc:46:d6:4d:d8:b0","10.200.9.108","DST P1 Aula E","Didattica"
422,26,"Polo_Etruria_Aula_F9","c4:7d:4f:3a:90:fe","10.200.4.254","Polo Etruria","Didattica"
423,17,"VET-B22-Aula_CC2","e8:65:49:44:50:dc","10.200.16.205","Veterinaria Piagge P1","Didattica"
424,6,"Benedettine_AP_SalaLetturaP1","50:87:89:e2:c8:b5","10.200.10.78","Benedettine PIano Primo Sala Lettura","Sala convegni"
425,1,"AccNav-CM-CP","00:26:99:86:b9:76","10.200.11.164","Accademia Navale Livorno","Docenti"
426,73,"Fermi-Caturegli","f4:0f:1b:81:09:4b","10.200.9.206","Via Fermi - Piano Primo - Caturegli","Amministrazione Centrale"
427,25,"DI-B70-03-Lab306","50:87:89:e2:c8:f7","10.200.16.141","Dip Informatica di fronte Lab. 306","Docenti"
428,6,"Benedettine_AP_Sup5-6","f4:0f:1b:e7:0d:53","10.200.10.85","Ex_Benedettine_P2_Sup5-6","Sala convegni"
429,4,"Aula_Studio_Pacinotti_AP_Ext_SX","78:da:6e:5a:06:a2","10.200.16.20","Aula Studio Pacinotti Cortile SX","Biblioteca"
430,40,"FARM_AP_Direzione","50:87:89:e2:b6:e4","10.200.6.73","Piano Primo Ufficio Direzione","Docenti"
431,5,"DCCI-B74-00-AulaG","54:a2:74:d1:48:74","10.200.16.9","DCCI Aula G PT","Didattica"
432,5,"DCCI-B74-00-AulaH","e8:65:49:44:51:ac","10.200.16.15","DCCI Aula H PT","Didattica"
433,5,"DCCI-B74-00-AulaM","e8:65:49:44:51:70","10.200.23.250","DCCI Aula M PT","Didattica"
434,19,"Scalbatraio_Esterno","e0:2f:6d:17:d7:69","10.200.9.87","Scalbatraio capannone ant_esterna","Transito"
435,19,"Cli_Vet_PT_Corridoio_nuovo","50:87:89:e2:b6:db","10.200.9.125","C. Vet. PT(nuovo) S.Piero Corridoio","Transito"
436,62,"Polo_Portanuova_Aula_PN7","24:e9:b3:7c:8b:ce","10.200.3.125","Polo Portanuova Aula PN7","Didattica"
437,25,"BiblioMif-B55-01AreaStud","54:a2:74:1b:91:74","10.200.16.136","Biblio Mif Area Studenti","Biblioteca"
438,1,"AccNav-AulaNautica4","a4:93:4c:93:b8:ad","10.200.11.143","Palazzo Studi -Dipartimento SM-AulaNautica_4","Didattica"
439,25,"Polo2-B71-EdE-Ext","78:da:6e:59:f6:60","10.200.16.21","Marzotto Ed. E Ext","Transito"
440,17,"VET-B25-Aula_D","54:a2:74:93:90:24","10.200.23.226","Veterinaria Piagge","Didattica"
441,26,"Polo_Etruria_Aula_Studenti","28:94:0f:58:d4:55","10.200.5.3","Polo Etruria - Aula Studenti","Biblioteca"
442,37,"Ex_Chimica_AulaMagna","54:a2:74:f2:09:44","10.200.9.111","Ex Chimica Via risorgimento","Didattica"
443,2,"AGR-SegreteriaDid","54:a2:74:93:70:40","10.200.23.68","Agraria Ed.B9 Piano Primo Segreteria Didattica","Segreterie Dipartimenti"
444,62,"Polo_Portanuova_Aula_PN5","24:e9:b3:5a:f3:0e","10.200.3.126","Polo Portanuova Aula PN5","Didattica"
445,44,"MC-CentroStella",,,,"Museo"
446,37,"Ex_Chimica_Aula6","54:a2:74:d1:29:68","10.200.9.17","Via Risorgimento","Didattica"
447,2,"AGR-SalaRiunioni_P1","54:a2:74:f1:ed:cc","10.200.16.8","Agraria Ed.B9 Piano Primo Sala Riunioni","Docenti"
448,25,"Aule-B55-00-Lab5","6c:41:6a:ca:62:a2","10.200.23.167","B55 Corridoio Polo3","Didattica"
449,9,"ECO_Aula4","cc:46:d6:96:84:d0","10.200.23.247","PT Economia","Didattica"
450,1,"AccNav-Corridoio_Artiglieria","c4:7d:4f:3a:4d:4f","10.200.11.166","Pal. D.C.A.","Transito"
451,37,"Ex_Chimica_Baracche","54:a2:74:1b:91:48","10.200.9.176","Ex Chimica Via risorgimento","Didattica"
452,25,"INFN11_St109-PT","58:ac:78:bb:2c:58","10.200.23.72","Ed. B70 Polo2 INFN PT Corridoio","Docenti"
453,1,"AccNav-CorridoioPlanetario","ac:f2:c5:93:ed:ba","10.200.11.142","Palazzo Studi -Dipartimento SM-Corr_Planetario","Transito"
454,5,"DCCI-B74-00-AulaB","54:a2:74:d1:43:54","10.200.23.83","DCCI Aula B PT","Didattica"
455,5,"DCCI-B74-00-AulaF","54:a2:74:cb:28:1c","10.200.23.188","DCCI Aula F PT","Didattica"
456,23,"CIS_MED_Ed_30A_Immagini","cc:46:d6:aa:d1:80","10.200.23.172","Ed 30A Radiodiagnostica","Medico"
457,25,"INFN12_St43-PT","58:ac:78:c4:5d:0c","10.200.23.183","Ed. B70 Polo2 INFN PT Corridoio","Docenti"
458,25,"INFN14_St250-P1","58:ac:78:45:be:84","10.200.23.99","Ed. B70 Polo2 INFN P1","Docenti"
459,25,"INFN15_St152-P1","58:ac:78:bb:2f:d8","10.200.23.101","Ed. B70 PoLO2 INFN P1","Docenti"
460,25,"INFN1_St175-P1","58:ac:78:c4:50:fc","10.200.23.75","Ed.B70 Polo2 INFN P1 Corridoio","Docenti"
461,9,"ECO_AP16-AulaA-C","e8:65:49:46:a7:bc","10.200.23.236","Facoltà di Economia Piano Piazza Aula A-C","Didattica"
462,26,"Ing-B47-Aula_Studio","c4:7d:4f:3b:2d:d4","10.200.4.47","Ing-Biennio","Didattica"
463,19,"ScalbatraioCapannone","a4:6c:2a:f5:75:4c","10.200.9.204","Podere Scalbatraio Capannone Ed C","Docenti"
464,26,"Ing-B44-Aula_C-0.1","54:a2:74:d1:29:d8","10.200.3.154","Ingegneria Polo C","Didattica"
465,26,"Ing-B47-Aula_B-3.4","e8:65:49:44:50:ac","10.200.4.49","Ingegneria Biennio","Didattica"
466,14,"Biblio-Antichistica_AP3","cc:46:d6:7f:40:0c","10.200.9.169","Biblioteca Salesiani","Biblioteca"
467,14,"Biblio-Antichistica_Ext","78:da:6e:60:a1:a2","10.200.9.11","Biblioteca Salesiani Esterno","Biblioteca"
468,25,"INFN16_St131-PT","70:e4:22:fc:cf:24","10.200.23.160","Ed. B70 Polo2 INFN PT","Docenti"
469,25,"INFN3_St148-P1","58:ac:78:bb:23:c0","10.200.23.95","Ed. B70 Polo2 INFN P1 Corridoio","Docenti"
470,14,"Biblio-Antichistica_Soppalco","54:a2:74:cb:2c:84","10.200.9.164","Biblioteca Salesiani Soppalco","Biblioteca"
471,12,"CFS-P2-Storia_1","58:ac:78:c4:ca:d8","10.200.10.26","Pal. Carita Storia P2","Didattica"
472,12,"CFS-P2-Fil_5","58:ac:78:c4:cf:fc","10.200.9.236","Pal. Carita Filosofia P2","Didattica"
473,12,"CFS-P2-Fil_3","58:ac:78:c4:d0:bc","10.200.9.232","Pal. Carita Filosofia P2","Didattica"
474,25,"INFN6_St133-P1","58:ac:78:bb:2a:70","10.200.23.77","Ed. B70 Polo2 INFN P1","Docenti"
475,25,"INFN10_Lab25-PT","58:ac:78:56:f4:34","10.200.23.71","Ed. B70 Infn PT","Docenti"
476,14,"Biblio-Antichistica_AP4","cc:46:d6:96:82:a0","10.200.9.134","Biblioteca Salesiani","Biblioteca"
477,14,"Biblio-Antichistica_AP2","e8:65:49:46:a9:b0","10.200.9.142","Biblioteca Salesiani","Biblioteca"
478,14,"Biblio-Antichistica_AP5","e8:65:49:46:a8:80","10.200.9.157","Biblioteca Salesiani","Biblioteca"
479,14,"Biblio-Antichistica_AP8","e8:65:49:44:51:4c","10.200.9.183","Biblioteca Salesiani","Biblioteca"
480,12,"CFS-P1-Storia_1","58:ac:78:c4:d0:e8","10.200.9.166","Pal.Carità P1 Storia """"C1P1"""" 1","Didattica"
481,12,"CFS-P2-Fil_4","58:ac:78:c4:c9:c8","10.200.9.136","Pal. Carita Filosofia P2","Didattica"
482,12,"CFS-P2-Fil_6","cc:46:d6:4d:df:d0","10.200.9.126","Pal. Carita Filosofia P2","Didattica"
483,12,"CFS-P2-Fil_7","58:ac:78:c4:d0:0c","10.200.9.235","Pal. Carita Filosofia P2","Didattica"
484,12,"CFS-P1-Storia_4","cc:46:d6:7f:40:80","10.200.9.222","Pal.Carità P1 Storia """"C2P1_A"""" 4","Didattica"
485,12,"CFS-P1-Storia_3","cc:46:d6:7f:3f:d4","10.200.9.130","Pal.Carità P1 Storia """"C2P1_A"""" 3","Didattica"
486,25,"Aule-B55-01-AulaC1","cc:46:d6:4d:d8:d0","10.200.23.210","BiblioMif-B55-01 davanti AulaC1","Didattica"
487,14,"Biblio-Antichistica_AP9","cc:46:d6:7f:3e:b8","10.200.9.168","Biblio Antichistica Ex Salesiani Nuova P1","Biblioteca"
488,19,"ScalbatraioPalazzina","58:ac:78:c4:96:c4","10.200.9.110","Scalbatraio Palazzina PT","Docenti"
489,25,"INFN2_St163-P1","58:ac:78:57:01:3c","10.200.23.98","Ed. B70 Polo2 INFN P1","Docenti"
490,25,"INFN13_St77-PT","58:ac:78:56:f4:5c","10.200.23.89","Ed. B70 Infn PT Corridoio","Docenti"
491,25,"INFN9_St241-P1","70:e4:22:fc:c6:78","10.200.23.86","Ed. B70 Polo2 INFN P1","Docenti"
492,14,"Biblio-Antichistica_AP7","58:ac:78:c4:d1:b0","10.200.9.78","Biblioteca Salesiani","Biblioteca"
493,14,"Biblio-Antichistica_AP6","cc:46:d6:7f:40:8c","10.200.9.88","Biblioteca Salesiani","Biblioteca"
494,25,"INFN7_St187-P1","58:ac:78:bb:2f:bc","10.200.23.96","Ed. B70 Infn P1 Corridoio","Docenti"
495,25,"INFN4_St140-P1","58:ac:78:56:e1:00","10.200.23.87","Ed. B70 Infn P1 Corridoio","Docenti"
496,25,"INFN5_St203-P1","58:ac:78:bb:2c:0c","10.200.23.107","Ed. B70 Polo2 INFN P1","Docenti"
497,25,"INFN8_LAB12-Semint","58:ac:78:b9:8d:4c","10.200.23.102","Ed. B70 Polo2 INFN Semint.","Docenti"
498,14,"Biblio-Antichistica_AP1","e8:65:49:44:53:68","10.200.9.153","Biblioteca Salesiani","Biblioteca"
499,12,"CFS-P1-Storia_2","cc:46:d6:96:83:e0","10.200.9.237","Pal.Carità P1 Storia """"C1P1"""" 2","Didattica"
500,12,"CFS-P2-Storia_2","58:ac:78:c4:ca:b0","10.200.9.226","Pal. Carita Storria P2","Didattica"
501,12,"CFS-P1-Storia_7","58:ac:78:57:3a:f4","10.200.9.173","Pal.Carità P1 Storia """"C2P1_B"""" 7","Didattica"
502,12,"CFS-P1-Storia_5","cc:46:d6:aa:d3:d4","10.200.9.219","Pal.Carità P1 Storia """"C2P1_B"""" 5","Didattica"
503,12,"CFS-P1-Storia_6","58:ac:78:c4:2e:d4","10.200.9.184","Pal.Carità P1 Storia """"C2P1_B"""" 6","Didattica"
504,26,"Ing-B66-DII-Atrio-C0","50:87:89:e2:bd:52","10.200.5.15","Ing DII Via Caruso Atrio C0","Didattica"
505,23,"CIS_MED-Ed30C_A_S1-S2_Cor_PT_Est","28:94:0f:63:c7:dc","10.200.23.129","Cisanello Ed.30C PT -Corridoio aula s1/s2 lato esterno","Medico"
506,23,"CIS_MED_Ed30C_ACis1_PT_Elear","cc:46:d6:7e:fc:0c","10.200.23.152","Ed30C_AulaCis1","Medico"
507,5,"DCCI-B74-01-Corr1A-1F","58:ac:78:c4:d0:c8","10.200.23.132","DCCI B74 P1 angolo Corridoio 1A-1F","Transito"
508,5,"DCCI-B74-01-Corr1B-1A","58:ac:78:c4:d2:68","10.200.23.173","DCCI B74 P1 angolo corridoi 1B-1A","Transito"
509,26,"Ing-B46-DIC-Civ-AulaStudio","28:94:0f:26:2c:36","10.200.3.195","Triennio Ing. Strutturale","Didattica"
510,26,"Ing-B46-DESTEC-01","54:a2:74:f1:ec:f4","10.200.4.25","Ingegneria Triennio (DSEA) - DESTEC P1","Didattica"
511,26,"Ing_B45_DICI_P2","cc:46:d6:4d:dd:74","10.200.5.28","DICI B45 Palazzina Nucleari P2","Didattica"
512,35,"MEDTRASL-D29-P3-Corridoio","cc:46:d6:7e:fb:58","10.200.23.126","SanZeno_31_D29-Corridoio P3","Medico"
513,5,"DCCI-B74-01-Corr1C-1D","cc:46:d6:aa:d5:24","10.200.23.139","DCCI B74 P1 angolo Corridoio 1C-1D","Transito"
514,5,"DCCI-B74-01-Corr1A-1D","58:ac:78:bb:af:30","10.200.16.6","DCCI B74 P1 angolo Corridio 1A-1D","Transito"
515,19,"ScalbatraioCapannoneNuovo","58:ac:78:bb:72:90","10.200.11.107","Scalbatraio Capannone Nuovo","Docenti"
516,19,"AP_DC_SanPiero","58:ac:78:57:3a:e0","10.200.11.150","DC San Piero","Docenti"
517,23,"CIS_MED_Ed3_Ortopedia_St_20","2c:d0:2d:3f:58:ac","10.200.17.29","Cisanello Ed3 P1 Ortopedia","Medico"
518,26,"Ing-B46-DII-P2.5-C","50:87:89:dd:f3:da","10.200.3.226","ING-Triennio P2.5 DII","Didattica"
519,26,"Ing-B46-Aule-Aula_A-3.1","54:a2:74:cb:2e:88","10.200.4.17","Ing Triennio Aula A3.1","Didattica"
520,26,"Ing_B45_DICI_PT_Aula","58:ac:78:57:3b:58","10.200.5.20","DICI B45 Palazzina Nucleari PT davanti aula","Didattica"
521,26,"Ing-B47-Aule_B-3.1","e8:65:49:44:51:a8","10.200.4.48","Ingegneria Biennio","Didattica"
522,26,"Ing-B46-DII-P2-Corridoio","50:87:89:e2:af:80","10.200.3.167","ING-Triennio P2 DII","Transito"
523,35,"MEDTRASL-D29-PT-Portineria","58:ac:78:57:3a:ac","10.200.23.159","SanZeno_31_D29-Portineria PT","Medico"
524,35,"MEDTRASL-D29-P1-A_Corridoio","58:ac:78:c4:d0:90","10.200.23.237","SanZeno_31_D29-Corridoio P1 A","Medico"
525,3,"Mancini-Ext_CortileCarita","e0:2f:6d:91:da:6b","10.200.9.70","Palazzina Mancini P1- Cortile Carità","Amministrazione Centrale"
526,35,"MED-SC-Ed2-Neonatologia-P1_Bis","cc:46:d6:4d:dd:e0","10.200.5.191","Neonatologia SantaChiara Ed2 P1","Medico"
527,26,"Ing-B42-DICI-PT_St7_Mecc","58:ac:78:57:3a:d8","10.200.5.19","DICI Pal. Meccanica PT Officina","Didattica"
528,26,"Ing-B47-CorridoioP2_PoloB","e8:65:49:46:a9:c4","10.200.4.51","Ingegneria Biennio","Transito"
529,35,"MEDTRASL-D29-P1-B_Corridoio","58:ac:78:c4:d1:5c","10.200.23.161","SanZeno_31_D29-Corridoio P1 B","Medico"
530,23,"CIS_MED_Ed30C_S1-S2_Corr_PT_Int","28:94:0f:63:c8:7a","10.200.23.92","Cisanello Ed.30C PT -Corridoio aula s1/s2 lato interno","Medico"
531,39,"FILELI-PalCurini-AulaD2","cc:46:d6:4d:dd:58","10.200.9.186","Palazzo Curini P2 Aula D2","Didattica"
532,5,"DCCI-B74-01-Corr1G-1F","cc:46:d6:7f:3a:4c","10.200.23.162","DCCI B74 P1 angolo Corridoio 1G-1F","Transito"
533,5,"DCCI-B74-Corr1B-1C","58:ac:78:bb:ae:28","10.200.23.149","DCCI B74 P1 angolo Corridoio1B-1C","Transito"
534,26,"Ing-B66-DII-PT_B","50:87:89:dd:f4:8e","10.200.5.8","Ing DII Via Caruso PT LatoB","Didattica"
535,26,"Ing-B47-Aula_B-1.1","54:a2:74:93:92:84","10.200.4.50","Ingegneria Biennio","Didattica"
536,26,"Ing-B66-DII-Corridoio-C1","50:87:89:c1:36:e6","10.200.5.9","Ing DII Via Caruso P1 CorridoioC1","Transito"
537,26,"Ing_B45_DICI_P1_Corridoio","cc:46:d6:7f:3c:64","10.200.5.31","DICI B45 Palazzina Nucleari Corridoio P1","Transito"
538,26,"Ing-B44-Aula_C-4.1","e8:65:49:46:aa:38","10.200.3.232","Ingegneria Polo C","Didattica"
539,26,"Ing-B47-CorridoioP1_PoloB","54:a2:74:1b:95:08","10.200.4.34","Ingegneria Biennio","Transito"
540,26,"Ing-B46-Aule-Aula-A-2.8","54:a2:74:cb:2c:a0","10.200.4.38","Ing Triennio Aula A2.8","Didattica"
541,56,"JUS-PalazzoRicci_AulaRM","58:ac:78:bb:75:08","10.200.9.197","Palazzo Ricci PT","Didattica"
542,5,"DCCI-B74-00-Corridoio0B","cc:46:d6:7f:40:d8","10.200.23.197","DCCI B74 PT Corridoio 0B","Transito"
543,23,"CIS_MED_Ed_30C_AulaM1_P1","58:ac:78:bb:ad:f8","10.200.23.85","Cisanello Ed.30C Aule M P1","Didattica"
544,9,"PEA_Elearning_B2","cc:46:d6:4d:dd:b4","10.200.17.175","Polo Economia Agraria - P2 Aula B2","Didattica"
545,62,"Polo_Portanuova_Aula_PN8","24:e9:b3:42:37:39","10.200.3.130","Polo Portanuova Aula PN8","Didattica"
546,1,"AccNav_","44:d3:ca:59:81:f0","10.200.9.104","Accademia Navale","Docenti"
547,5,"DCCI-B74-02-Corr2C-2D","cc:46:d6:96:84:18","10.200.23.228","DCCI B74 P2 angolo corridoio2C-2D","Transito"
548,23,"CIS_MED_ED_30C_AulaM2_P1","58:ac:78:c4:cb:70","10.200.23.163","Cisanello ED 30 Aule M P1","Didattica"
549,40,"FARM_AP_B28-P1","58:ac:78:c4:cb:40","10.200.6.80","B28_Via Bonanno 25 Corridoio P1","Didattica"
550,26,"Ing_B45_DICI_P4_Scale","cc:46:d6:4d:dd:90","10.200.5.34","DICI B45 Palazzina Nucleari P4","Transito"
551,26,"Ing-B42_DESTEC_PT_Scale","58:ac:78:57:3a:a0","10.200.3.150","DESTEC Pal. Ferrovia Ex energetica","Transito"
552,5,"DCCI-B74-02-Corr2A-2B","58:ac:78:c4:cb:b0","10.200.23.78","DCCI B74 P2 angolo Corridoio2A-2B","Transito"
553,44,"MC-Galleria_Uccelli_1","68:ef:bd:c6:fe:6d","10.200.23.122","Galleria Uccelli I1","Museo"
554,4,"Aula_Studio_Pacinotti_P1_Bis","58:ac:78:c4:cb:68","10.200.23.206","Aula Studio Pacinotti P1","Biblioteca"
555,9,"PEA-Aula_O1","cc:46:d6:4d:d8:b8","10.200.17.104","PEA AULA O1 P1","Didattica"
556,9,"PEA-Aula_N2","58:ac:78:bb:ab:f0","10.200.23.153","PEA P2 Aula N2","Didattica"
557,5,"DCCI-B74-02-Corr2F-2G","58:ac:78:c4:d0:a8","10.200.23.185","DCCI B74 P2 angolo Corridoio2F-2G","Transito"
558,5,"DCCI-B74-02-Corr2A-2F","58:ac:78:c4:cb:64","10.200.23.180","DCCI B74 P2 angolo Corridoio2A-2F","Transito"
559,5,"DCCI-B74-02-Corr2A-2D","cc:46:d6:aa:d5:6c","10.200.23.79","DCCI B74 P2 angolo Corridoio2A-2D","Transito"
560,25,"Aule-B55-01-AulaP1","cc:46:d6:4d:dd:8c","10.200.23.194","Aula B55 difronte P1","Didattica"
561,26,"Ing-B42-DICI-P1_Laboratorio_Mecc","58:ac:78:57:39:20","10.200.5.23","DICI Pal. Meccanica P1 Laboratorio(In fondo)","Didattica"
562,44,"MC-Galleria_Uccelli_2","68:ef:bd:c6:fd:2b","10.200.23.140","Centro Stella MC P2","Museo"
563,35,"MEDTRASL-D29-P2-AulaMagna","cc:46:d6:4d:dd:a8","10.200.23.211","SanZeno_31_D29-Aula Magna P2","Medico"
564,44,"MC-Galleria_Uccelli_3","68:ef:bd:a4:e9:d6","10.200.23.115","Galleria Uccelli I3","Museo"
565,14,"Biblio-Antichistica_AP10","e8:65:49:46:a5:bc","10.200.9.189","Biblio Antichisitica Ex Salesiani Nuova PT","Biblioteca"
566,9,"PEA-Aula_A2","cc:46:d6:7f:3b:88","10.200.23.151","PEA P2 Aula A2","Didattica"
567,5,"DCCI-B74-02-Corr2C-2B","58:ac:78:bb:ad:2c","10.200.23.199","DCCI B74 P2 angolo Corridoio2C-2B","Transito"
568,25,"Aule-B55-00-AulaE-Elearning","54:a2:74:1b:91:0c","10.200.23.88","B55 Marzotto Aula E PT","Didattica"
569,35,"DipInt_SalaRiunioni_P1","fc:99:47:94:86:a9","10.200.5.195","DipInt - Sala Riunioni Ultima stanza Ovest","Docenti"
570,9,"PEA-Aula_N1","cc:46:d6:7f:3c:14","10.200.17.102","PEA Aula N1 P1","Didattica"
571,9,"PEA-Aula_E1","cc:46:d6:4d:a5:ac","10.200.17.103","PEA P1 Aula E1","Didattica"
572,9,"PEA-Aula_A1","cc:46:d6:4d:dd:78","10.200.17.101","PEA P1 Aula A1","Didattica"
573,9,"PEA-SalaStudio_Bis","58:ac:78:bb:af:7c","10.200.23.245","PEA Sala Studio PT","Biblioteca"
574,26,"Ing-B46-Aule-Aula-A-1.3","a4:6c:2a:f5:5b:f4","10.200.4.45","Ing Triennio Aula A1.3","Didattica"
575,35,"MED-SC-Ed2-Neonatologia-P1-Tris","58:ac:78:c4:d1:28","10.200.5.201","Neonatologia P1","Medico"
576,35,"MED-SC-Ed1-Pediatria_FineCorrid.","c4:7d:4f:3a:90:e2","10.200.6.30","Dipartimento di Pediatria","Medico"
577,26,"Ing-B46-DIC-Civ-Ingresso","28:94:0f:39:19:43","10.200.3.202","Triennio Ing. Strutturale P2","Transito"
578,26,"Ing-B47-CorridoioPT_PoloB","e8:65:49:44:4e:e0","10.200.4.37","Ingegneria Biennio","Transito"
579,26,"Ing-B46-ScuolaIng-AulaMagna","a4:6c:2a:f5:5b:50","10.200.3.132","Ing Triennio ScuolaIng-AulaMagna","Didattica"
580,26,"Ing-B40-Destec-Idraulica",,,,"Didattica"
581,35,"MED-SC-Ed1-Pediatria_InizioCorri","c4:7d:4f:3b:2d:df","10.200.6.29","Dipartimento di Pediatria","Medico"
582,26,"Ing-B42-DICI-PT_St3_Mecc","58:ac:78:57:3a:dc","10.200.5.24","DICI Pal. Meccanica PT Officina","Didattica"
583,26,"Ing-B44-Aula-C-2.1","e8:65:49:44:4f:98","10.200.4.31","Ingegneria Polo C","Didattica"
584,26,"Ing-B46-Biblio-AP2","54:a2:74:cb:2c:64","10.200.4.52","Ing Triennio Sala3 Biblio","Biblioteca"
585,26,"Ing_B45_DICI_P3_Corridoio","58:ac:78:c4:d0:04","10.200.5.30","DICI B45 Palazzina Nucleari P3 Corridoio","Transito"
586,26,"Ing-B46-ScuolaIng-AP1","24:e9:b3:5a:f4:de","10.200.3.128","Scuola Ingegneria Triennio","Didattica"
587,26,"Ing-B47-SalaMacchine","c4:7d:4f:3a:91:1c","10.200.3.189","Ingegneria Biennio Sala Macchine PT","Locali tecnici"
588,71,"MuseoCalcolo_PT_AP_1","c4:7d:4f:3a:91:29","10.200.6.246","Vecchi Macelli EdB Museo Calcolo PT","Museo"
589,26,"Ing-B66-DII-Atrio-A1","50:87:89:e2:b6:d4","10.200.5.10","Ing DII Via Caruso P1 Atrio A1","Didattica"
590,35,"MED-SM-AulaVitali","54:a2:74:cb:18:a0","10.200.4.4","Scuola Medica","Medico"
591,35,"MED-SC-Ed18-Radiologia_P1","cc:46:d6:96:83:d4","10.200.5.179","Santa Chiara Radiologia Ed18 P1 corr DX","Medico"
592,35,"MED-SC-Ed2-AulaStudioGinecol_P2","24:e9:b3:6d:79:2c","10.200.5.198","Ginecologia Piano 2 ED2","Medico"
593,26,"Ing-B46-DII-P2-A","50:87:89:e2:b6:ed","10.200.3.201","ING-Triennio P2 DII","Didattica"
594,35,"MED-SM-DipFarmacologia","54:a2:74:93:6f:c8","10.200.3.179","Scuola Medica","Medico"
595,26,"Ing-B46-DICCISM-Seminterrato","28:94:0f:63:c8:49","10.200.3.196","Triennio DICCISM Seminterrato","Docenti"
596,26,"Ing_B65_Aerospaziale","28:94:0f:39:18:7c","10.200.3.166","B65 Officina","Didattica"
597,26,"Ing-B66-DII-Atrio-A2","a4:6c:2a:f5:74:fc","10.200.5.12","Ing DII Via Caruso P2 Atrio A2","Didattica"
598,35,"MED-SC-Ed2-Neonatologia-P1","f8:c2:88:34:d8:2e","10.200.5.197","Neonatologia Santa Chiara Ed2 P1","Medico"
599,35,"MED-SM-AulaMagna","54:a2:74:d1:47:00","10.200.6.160","Scuola Medica","Medico"
600,26,"Ing_B45_DICI_P3_Segreteria","58:ac:78:c4:d1:08","10.200.5.29","DICI B45 Palazzina Nucleari P3 Segreteria","Segreterie Dipartimenti"
601,26,"Ing-B42_DESTEC_P1_Lab_Lothar","cc:46:d6:7f:3f:20","10.200.3.178","DESTEC Pal. Ferrovia Ex energetica","Didattica"
602,26,"Ing-B44-Aula_C-1.1","e8:65:49:46:a7:28","10.200.3.237","Ingegneria Polo C","Didattica"
603,26,"Ing-B46-DII-P2","f4:0f:1b:e7:10:eb","10.200.6.132","ING-Triennio P2 DII davanti stanza 113","Didattica"
604,35,"MED-SC-Ed18-Radiologia_P1_AulaGr","58:ac:78:bb:ad:b4","10.200.5.199","Radiologia Ed. 18 S.C. Aula Grande","Medico"
605,26,"Ing-B66-DII-Atrio-B2","54:a2:74:f2:08:3c","10.200.5.6","Ing DII Via Caruso P2 Atrio B2","Didattica"
606,26,"Ing-B42_DESTEC_PT_Corridoio","58:ac:78:c4:d1:e8","10.200.3.181","DESTEC Pal. Ferrovia Ex energetica","Transito"
607,26,"Ing_B45_DICI_P5","58:ac:78:c4:d2:7c","10.200.5.33","DICI B45 Palazzina Nucleari  P5","Didattica"
608,26,"Ing_B45_DICI_P4_Corridoio","cc:46:d6:4d:dd:84","10.200.5.35","DICI B45 Corridoio P4 Palazzina Nucleari","Transito"
609,35,"MED-SM-AulaD","54:a2:74:d1:29:88","10.200.5.200","Scuola Medica","Medico"
610,71,"AP_VecchiMAcelli_ED_A","e8:65:49:44:4e:48","10.200.3.163","Vecchi Macelli ED A","Museo"
611,26,"Ing-B41-DESTEC-PT","28:94:0f:63:c8:7f","10.200.5.26","Palazzina Piaggio Corridoio PT","Didattica"
612,35,"DipInt-Biblio-PT-B","30:f7:0d:13:31:72","10.200.5.193","Dipint Biblio Corridoio Ovest PT B","Biblioteca"
613,35,"MED-SM-Massart","e8:65:49:44:51:84","10.200.4.13","Scuola Medica","Medico"
614,26,"Ing-B46-DIC-Civ_VeT-Seminterrato","28:94:0f:26:32:23","10.200.3.188","Triennio Ing. Strutturale","Docenti"
615,35,"DipInt-Biblio-PT-A","70:ca:9b:99:03:97","10.200.5.202","Dipint Biblio Corridoio Ovest PT","Biblioteca"
616,26,"Ing_B45_DICI_PT_Laboratorio","cc:46:d6:96:84:28","10.200.5.21","DICI B45 Palazzina Nucleare PT davanti laboratorio","Didattica"
617,26,"Ing-B43-DEN-FormulaSae","e8:65:49:46:a8:50","10.200.4.22","B43 capannone officina formula sae","Docenti"
618,9,"ECO_AP8_P2C","58:ac:78:c4:d1:c0","10.200.23.158","Eco P2 Corridoio C","Docenti"
619,9,"ECO_AP9_P2B","cc:46:d6:4d:d8:c4","10.200.23.169","Economia P2 Corridoio B","Docenti"
620,9,"ECO_AP12_P1C","58:ac:78:c4:d1:30","10.200.23.135","Economia P1 Corridoio C","Docenti"
621,44,"MC-Stanza_Arca_di_Noe","58:ac:78:c4:d0:d0","10.200.16.19","Museo di Calci Arca di Noe","Museo"
622,30,"DST-B36-02-Polo3","cc:46:d6:aa:d1:b0","10.200.9.180","DST-Palazzo Granduca-P2","Didattica"
623,44,"MC-ST_Ex_Francesco_1","cc:46:d6:4d:d8:a0","10.200.17.155","Museo Calci - Stanza ex Francesco","Museo"
624,39,"FILELI-A09-P1_B","cc:46:d6:aa:d0:38","10.200.9.112","Palazzo Scala P1 (B)","Didattica"
625,30,"DST-B36-01-Aula_Studio","58:ac:78:bb:ad:c4","10.200.9.150","DST P1 Aula Studio","Biblioteca"
626,67,"Sapienza_Ext_PT_LatoAule","a0:3d:6f:98:dd:38","10.200.12.71","Sapienza PT Esterno Lato Aule","Transito"
627,26,"Polo_Etruria_Aula_F6_Bis","58:ac:78:bb:74:2c","10.200.6.9","Polo Etruria Aula 6","Didattica"
628,60,"Polo_Carmignani_AulaMagnaBis","58:ac:78:c4:d0:8c","10.200.23.208","Polo Carmignani","Sala convegni"
629,35,"MED-SM_Polo1","cc:46:d6:4d:dd:80","10.200.5.183","Scuola Medica Uffici Polo1","Medico"
630,67,"Sapienza_SL-13b_PT","70:7d:b9:b4:39:6a","10.200.12.69","Sapienza PT St.13b","Didattica"
631,19,"AP_DC_SanPiero-SalaRiunioni-P1","58:ac:78:bb:af:4c","10.200.11.149","DC_SanPiero SalaRiunioni-P1","Docenti"
632,26,"Ing-B46-Destec-AP_C","cc:46:d6:96:81:80","10.200.4.9","Ex Energetica B P1","Didattica"
633,26,"Ing-B46-Destec_AP_B","cc:46:d6:4d:df:88","10.200.3.231","Ex Energetica B P1","Didattica"
634,52,"PalCongressi_Corridoio2","58:ac:78:bb:b0:14","10.200.11.155","Palazzo Congressi Corridoio PT","Sala convegni"
635,6,"C.Congr_Benedettine_Aula6_P1","cc:46:d6:4d:de:04","10.200.10.70","C.Congressi Benedettine Aula6_P1","Sala convegni"
636,45,"OrtoBotanico-B50-Aula-PT","a0:3d:6f:98:dd:0c","10.200.10.102","Orto Botanico B50 Aula PT","Didattica"
637,56,"JUS-PalazzoRicci_Aula9_P1","70:7d:b9:b4:39:28","10.200.12.184","Jus palazo Ricci P1 Aula9","Didattica"
638,6,"C.Congr_Benedettine_Aula2_P1","58:ac:78:c4:cb:38","10.200.10.68","C.Congressi Benedettine Aula2_P1","Sala convegni"
639,6,"C.Congr_Benedettine_Aula3_P1","cc:46:d6:aa:d1:58","10.200.10.67","C.Congressi Benedettine Aula3_P1","Sala convegni"
640,39,"FILELI_Boileau_Aula5","cc:46:d6:aa:d3:38","10.200.11.108","Palazzo Boileau Aula5","Didattica"
641,17,"VET-B24-P1_DX","cc:46:d6:aa:d5:f0","10.200.16.208","Vet Piagge B24 P1 DX","Didattica"
642,39,"FILELI_Venera_P2_SUD_dx","70:7d:b9:b4:43:b6","10.200.10.24","Venera Ala SUD_Corridoio DX","Docenti"
643,39,"FILELI_Boileau_Aula8","cc:46:d6:7f:3c:08","10.200.9.102","Palazzo Boileau Aula 8","Didattica"
644,30,"DST-B36-01-Aula_Microscopi","58:ac:78:bb:ae:b0","10.200.9.135","DST P1 Aula Microscopi","Didattica"
645,9,"ECO_AP14_P1A","58:ac:78:c4:d0:2c","10.200.23.233","Economia P1 Corridoio A","Docenti"
646,9,"ECO_AP1_P4","cc:46:d6:7f:3f:a4","10.200.23.147","Economia P4","Docenti"
647,67,"Sapienza_SL-11_P2","70:70:8b:d0:17:0c","10.200.12.77","Sapienza_SL-11_P2","Didattica"
648,67,"Sapienza_SL-8_P2","a0:3d:6f:98:dd:14","10.200.12.78","Sapienza_SL-8_P2","Didattica"
649,23,"CIS_Endocas_Ed_102","a0:3d:6f:98:dd:10","10.200.17.25","Cisanello Endocas ed.102","Medico"
650,26,"Ing_B44_Aula_2.2","cc:46:d6:aa:d6:00","10.200.4.29","Ing Polo C Aula 2.2","Didattica"
651,68,"DSP-A03-P1-Corridoio","cc:46:d6:4d:da:60","10.200.9.95","Sc. Politiche Corridoio P1","Transito"
652,35,"MED-SC-Ed11-Dermatologia_P2","58:ac:78:bb:ae:50","10.200.4.8","Dermatologia Ed.11 S.Chiara P2","Medico"
653,35,"MED-SC-Ed17-P1_Odont_St20","2c:d0:2d:3f:4c:5a","10.200.5.207","S.Chiara Ed17 P1 St.20","Medico"
654,56,"JUS-PalazzoRicci_Corridoio_PT","70:70:8b:74:7d:ee","10.200.12.170","Palazzo Ricci Polo4 PT","Transito"
655,25,"INFN-CorridoioBatistini","58:ac:78:57:3b:20","10.200.23.74","INFN PT Corridoio Batistini","Docenti"
656,67,"Sapienza_SL-11_PT","2c:d0:2d:3f:4b:86","10.200.12.65","Sapienza PT St.11","Didattica"
657,67,"Sapienza_Aula-40_PT","70:7d:b9:b4:71:d2","10.200.12.64","Sapienza PT St.40","Didattica"
658,9,"ECO_AP13_P1B","cc:46:d6:4d:de:44","10.200.23.252","Economia P1 Corridoio B","Docenti"
659,26,"Ing-B47_Aula_B.3.2","58:ac:78:bb:af:d8","10.200.3.207","Aule Biennio P3","Didattica"
660,77,"DPS-CorridoioScala-P2","58:ac:78:bb:af:44","10.200.23.201","DPs S.Zeno 37 Ex Igiene Corridoio Atrio Scala","Dormitorio"
661,72,"CLI-Pal.Venera-AulaFarrants","cc:46:d6:aa:d1:04","10.200.10.200","CLI Palazzo Venera Aula Farrants PT","Didattica"
662,45,"OrtoBotanico-B50-CorrSX-P1","2c:d0:2d:3f:4b:a8","10.200.10.101","Orto Botanico B50 Corridoio SX P1","Didattica"
663,39,"FILELI-A09-P2_B","58:ac:78:bb:ad:9c","10.200.9.133","Palazzo Scala P2 Corridoio","Didattica"
664,35,"MED-SC-Ed4-Psichiatria_LatoEst_B","70:70:8b:d0:11:98","10.200.5.225","S.Chiara Ed.4 Psichiatria L.Est porta a vetri","Medico"
665,3,"Amm.Cen.AP_P1_Palazzo_Vitellino","cc:46:d6:96:7f:9c","10.200.9.205","Amm. Centrale Vitellino P1","Amministrazione Centrale"
666,35,"MED-SC-Ed43-P2_UfficiSx","70:70:8b:74:8a:c4","10.200.6.117","Santa Chiara Ed.43 Uffici corridoio sx","Medico"
667,35,"MED-SC-Ed43-P2_CorridoioDX","a0:3d:6f:98:aa:b6","10.200.6.116","Santa Chiara Ed.43 Corridoio Dx","Medico"
668,3,"Rettorato_SalaMappamondi","cc:46:d6:7f:3b:b0","10.200.9.187","Rettorato_SalaMappamondi P1","Amministrazione Centrale"
669,26,"Ing_B44_Aula_3.2","58:ac:78:57:38:44","10.200.3.255","Ing PoloC Aula 3.2","Didattica"
670,26,"Ing-B47_Corridoio_P2","cc:46:d6:aa:d6:28","10.200.6.243","Ing. Biennio Corridoio P2","Transito"
671,19,"AGR-Patologia_Vegetale_LAB_PT","cc:46:d6:aa:d4:00","10.200.11.105","Patologia_Vegetale S.Piero Lab PT","Didattica"
672,39,"FILELI_Venera_P3_Nord_Ingresso","2c:d0:2d:3f:50:08","10.200.9.90","Venera Ala NORD P3 Ingresso","Docenti"
673,62,"Polo_Portanuova_Aula_PN9Bis","58:ac:78:bb:74:c4","10.200.3.152","Polo Portanuova 9bis","Didattica"
674,2,"AGR-B10_Corridoio_P2","58:ac:78:c4:d1:60","10.200.23.90","Palazzina Economia Agraria B10","Transito"
675,19,"AP_DC_SanPiero_P1_2","70:70:8b:74:ac:aa","10.200.11.152","DC San Piero P1 Corridoio","Docenti"
676,56,"JUS-PalazzoRicciP2-CorA","70:70:8b:d0:1b:50","10.200.12.179","Palazzo Ricci P2 corridoio A","Transito"
677,35,"MED-SC-Ed43-P2_CorridoioSx","a0:3d:6f:98:a9:da","10.200.5.36","Santa Chiara Ed.43 Corridoio Sx","Medico"
678,19,"AGR-Patologia_Vegetale_PT_corr","58:ac:78:c4:d0:ec","10.200.11.106","Patologia_Vegetale S.Piero PT corridoio","Transito"
679,45,"OrtoBotanico-B50-CorrDX-PT","70:7d:b9:b4:72:36","10.200.10.100","Orto Botanico B50-Corridoio DX-PT","Didattica"
680,45,"OrtoBotanico-B50-AulaStudioF-PT","70:7d:b9:b4:39:88","10.200.10.97","Orto Botanico B50 AulaStudio F PT","Didattica"
681,67,"Sapienza_Aula-34_PT","70:70:8b:74:8a:b8","10.200.12.132","Sapienza PT St.34","Didattica"
682,35,"MED-SC-Ed2-Neonatologia_PT","58:ac:78:57:38:00","10.200.5.188","Neonatologia Ed2 PT","Medico"
683,52,"PalCongressi_SalaGalilei","58:ac:78:c4:d2:50","10.200.11.182","Palazzo Congressi Sala Galilei","Sala convegni"
684,52,"PalCongressi_RoomE","58:ac:78:bb:ae:b8","10.200.9.149","Palazzo Congressi PT","Sala convegni"
685,6,"C.Congr_Benedettine_Aula1_Chiesa","58:ac:78:c4:cb:30","10.200.10.60","Centro Congressuale Benedettine Chiesa","Sala convegni"
686,6,"C.Congr_Benedettine_Aula1_P1","58:ac:78:57:3b:4c","10.200.10.69","C.Congressi Benedettine Aula1_P1","Sala convegni"
687,6,"C.Congr_Benedettine_Aula1_P2","58:ac:78:c4:d0:30","10.200.10.56","C.Congressi Benedettine Aula1_P2","Sala convegni"
688,35,"MED-SC-Ed17-Odontoiatria_Segr","a0:3d:6f:98:a7:fc","10.200.1.96","S.Chiara Odontoiatria Ed.17 Segreteria","Medico"
689,23,"CIS_MED_Ed31_NeuroRadiolog_St_89","70:70:8b:cf:ec:06","10.200.17.38","Cisanello Ed31 P_Seminterrato NeuroRadiologia","Medico"
690,72,"CLI-Pal.Venera-Aula3","58:ac:78:bb:af:08","10.200.9.132","CLI Palazzo Venera Aula 3 PT","Didattica"
691,39,"FILELI_Venera_P2_SUD_sx","2c:d0:2d:3f:54:f4","10.200.10.25","Venera Ala SUD_CorridoioSx Fotocopiatrice","Docenti"
692,39,"FILELI_Venera_P3_Sud_Idx",,,,"Docenti"
693,39,"FILELI_Venera_P3_Sud_Ingresso","70:70:8b:74:92:d6","10.200.9.92","Venera Ala SUD_P3_Ingresso","Docenti"
694,39,"FILELI_Venera_P2_Nord_Corridoio","70:70:8b:cf:e9:3c","10.200.9.100","Venera P2 Nord Corridoio","Docenti"
695,6,"C.Congr_Benedettine_Aula4_PT","58:ac:78:c4:d0:5c","10.200.10.57","Centro Congressuale Benedettine Aula4 PT","Sala convegni"
696,35,"MED-SC-Ed43-P1_SegrDirezione","70:7d:b9:b4:45:bc","10.200.6.114","S.Chiara Ed 43 P1 Vicino Segreteria Direzione","Medico"
697,35,"MED-SC-Ed43-P1_LabChimica","70:70:8b:ef:1b:2a","10.200.6.113","S.Chiara Ed 43 P1 Vicino Laboratorio Chimica","Medico"
698,67,"Sapienza_AulaMagna_Storica","70:7d:b9:b4:72:2e","10.200.12.63","Sapienza PT Aula Magna (St 42)","Sala convegni"
699,39,"FILELI_Boileau_Aula7","58:ac:78:bb:ae:f8","10.200.11.109","Palazzo Boileau Aula7","Didattica"
700,39,"FILELI_Venera_P2_Nord_Ingresso","70:70:8b:cf:f2:50","10.200.9.94","Venera Ala NORD P2 Ingresso","Docenti"
701,45,"OrtoBotanico-B50-CorrSX-PT","70:70:8b:cf:f2:52","10.200.10.99","Orto Botanico corridoio SX PT","Didattica"
702,56,"JUS-BiblioLM1-PalazzoRicci-P2","2c:d0:2d:3f:57:84","10.200.12.180","Palazzo Ricci P2 Biblioteca","Biblioteca"
703,72,"CLI-Pal.Venera-Aula1","58:ac:78:c4:c9:d0","10.200.9.171","CLI Palazzo Venera Aula 1 PT","Didattica"
704,2,"AGR-B10-Stanza_9_P2","58:ac:78:c4:d0:24","10.200.23.215","Palazzina Economia Agraria B10","Docenti"
705,67,"Sapienza_St48-P1","70:70:8b:d0:11:9a","10.200.12.73","Sapienza_st48-P1","Docenti"
706,17,"VET-B27_Lab-Chimica","cc:46:d6:aa:d3:40","10.200.23.118","VET Piagge Lab Chimica Stabulari","Didattica"
707,9,"ECO-Biblio-UfficiSegreterie","cc:46:d6:aa:d6:94","10.200.23.168","Biblio Economia Segreterie P.Piazza","Biblioteca"
708,30,"DST-B36-00-Aula3","58:ac:78:bb:b1:dc","10.200.9.152","DST-Palazzo Granduca-PT Aule","Didattica"
709,30,"DST-B36-00-Aula1","58:ac:78:c4:d1:04","10.200.9.96","DST-Palazzo Granduca-PT","Didattica"
710,30,"DST-B36-01-Aula_GIS","cc:46:d6:7f:3d:50","10.200.9.86","DST P1 Aula GIS","Didattica"
711,45,"Pal_Conchiglie","58:ac:78:b9:e5:20","10.200.9.203","Orto_Botanico_Palazzina_Conchiglie PT","Didattica"
712,19,"CentroAvanzi_MandriaPine2","58:ac:78:bb:af:2c","10.200.9.154","Podere Mandria delle PIne","Docenti"
713,6,"C.Congr_Benedettine_AulaMultiuso","cc:46:d6:4d:dd:b8","10.200.10.71","Centro Congressuale Benedettine Aula Multiuso","Sala convegni"
714,19,"AP_DC_SanPiero_P1_1","70:70:8b:d0:1b:14","10.200.11.151","DC San Piero P1 Corridoio","Docenti"
715,17,"Cli_Vet_BoxExt_Temp","70:7d:b9:b4:71:c2","10.200.12.186","Clinica Veterinaria temporaneo Box Ext","Docenti"
716,9,"ECO_AP3_P3C","58:ac:78:c4:d1:7c","10.200.23.143","Economia P3 Corridio C","Docenti"
717,68,"DSP_A03_P4_AulaStudio","58:ac:78:57:37:b8","10.200.9.109","Sc. Pol. Pal. Bianchi-Monzon P4 Aula Studio","Biblioteca"
718,26,"Ing-B47-Aula_B-2.1_Bis","58:ac:78:c4:d0:6c","10.200.6.242","Ing. Biennio Aula B2.1 P2","Didattica"
719,56,"JUS-PalazzoRicci_P4","70:70:8b:cf:f3:6c","10.200.12.176","Jus palazo Ricci P4","Didattica"
720,67,"Sapienza_AulaMagna_P1","70:7d:b9:b4:6f:4c","10.200.12.98","Sapienza_AulaMagna_P1","Sala convegni"
721,18,"BIO-EologiaP1_dx","70:70:8b:74:8b:4a","10.200.12.169","Etologia V. Volta6","Didattica"
722,71,"MuseoCalcolo_SalaPacinotti","54:a2:74:f2:00:20","10.200.6.247","Vecchi Macelli Museo Calcolo Sala Pacinotti","Museo"
723,35,"MED-SC-Dermatologia_Biblio","58:ac:78:c4:cb:9c","10.200.5.237","Biblio Dermatologia Ed11 S.Chiara","Medico"
724,6,"C.Congr_Benedettine_Aula3_PT","58:ac:78:bb:af:1c","10.200.10.55","Centro Congressuale Benedettine Aula 3 PT","Sala convegni"
725,35,"MED-SC-Ed4-Psichiatria_LatoEst_A","70:70:8b:74:8b:86","10.200.5.220","Santa Chiara Ed.4 Psichiatria P1 Lato Est difronte AR","Medico"
726,35,"MED-SC-Ed17_P1_Odontoiatria","2c:d0:2d:3f:58:4c","10.200.1.144","S.Chiara Ed17 P1","Medico"
727,23,"CIS_MED_Ed3_Ortopedia_St_85","70:70:8b:cf:f3:66","10.200.17.27","Cisanello Ed3 P1 Ortopedia","Medico"
728,68,"DSP_A23_PalazzinaP1","58:ac:78:57:38:20","10.200.9.162","Sc. Politiche P1 Palazzina","Docenti"
729,14,"CFS-ExSalesiani_P3_Corridoio_A","cc:46:d6:96:84:10","10.200.9.137","Ex Salesiani Via Dei Mille P3 Corridoio","Transito"
730,9,"ECO_AP5_P3B","58:ac:78:c4:d0:f0","10.200.23.157","Economia P3 Corridoio B","Docenti"
731,9,"ECO_AP4_P3C","58:ac:78:c4:d1:24","10.200.23.146","Economia P3 Corridoio c","Docenti"
732,6,"C.Congr_Benedettine_Aula2_PT","58:ac:78:c4:ca:e0","10.200.10.61","Centro Congressuale Benedettine Aula2 PT","Sala convegni"
733,23,"CIS_MED_Ed3_Ortopedia_St_87","a0:3d:6f:98:ab:40","10.200.17.30","Cisanello Ed3 P1 Ortopedia","Medico"
734,54,"Pal_Lanfranchi_Ap#4","58:ac:78:bb:75:00","10.200.9.115","Palazzo Lanfranchi P2","Museo"
735,77,"DPS-SalaDottorandi","cc:46:d6:aa:d0:60","10.200.23.91","DPs S.Zeno 37 Ex Igiene SalaDottorandi","Dormitorio"
736,68,"DSP_A03_P2_Corridoio","cc:46:d6:aa:d6:14","10.200.9.140","Sc. Pol. Pal Bianchi-Monzon P2 Corridoio","Transito"
737,25,"Aule-B55-00-AulaL","58:ac:78:c4:ca:04","10.200.23.229","Polo Fibonacci Aula L","Didattica"
738,2,"AGR-B10-Stanza_1_P1","cc:46:d6:96:81:84","10.200.23.196","Palazzina Economia-Agraria_B10","Docenti"
739,18,"BIO-B36-00-Aula_A1","cc:46:d6:aa:d5:fc","10.200.9.185","Polo Nobili Aula A1","Didattica"
740,19,"CentroAvanzi_MandriaPine_1","58:ac:78:c4:d0:28","10.200.9.121","Podere Mandria delle Pine","Docenti"
741,9,"ECO_AP10_P2A","cc:46:d6:4d:d8:8c","10.200.23.141","Economia P2 Corridoio A","Docenti"
742,9,"ECO_AP6_P3B","70:e4:22:a1:23:00","10.200.23.177","Economia P3 Corridoio B","Docenti"
743,68,"DSP_A03_P2_SalaRiunioni","58:ac:78:bb:b0:10","10.200.9.131","Sc. Pol. P2 Sala Riunioni","Sala convegni"
744,77,"DPS-Corridoio-P2","58:ac:78:c4:d0:38","10.200.23.205","DPs S.Zeno 37 Ex Igiene Corridoio","Dormitorio"
745,68,"DSP_A03_PT_Aula6","cc:46:d6:4d:dd:bc","10.200.10.3","Sc. Politiche Pal. Biaanchi-Monzon aula6","Didattica"
746,52,"PalCongressi_Bar","58:ac:78:c4:d2:60","10.200.10.87","Palazzo Congressi Bar","Sala convegni"
747,39,"FILELI-A09-P2_A","cc:46:d6:aa:ce:4c","10.200.9.85","Palazzo Scala P2 Corridoio Scale","Didattica"
748,26,"Ing_B44_Aula_3.1","58:ac:78:c4:cb:ac","10.200.3.157","Ing. PoloC Aula 3.1","Didattica"
749,26,"Ing-B47_Aule_CorridoioP1","cc:46:d6:7f:3c:f8","10.200.3.165","Ingegneria Biennio Corridoio P1","Didattica"
750,14,"CFS-ExSalesiani_P2-Corridoio","cc:46:d6:7f:40:f0","10.200.9.151","Ex Salesiani Via dei Mille P2 Corridoio","Transito"
751,3,"Amm.Centrale-Uff_Concorsi","cc:46:d6:7f:40:d0","10.200.10.20","Ufficio Concorsi ex scuderie","Amministrazione Centrale"
752,6,"C.Congr_Benedettine_Aula6_PT","58:ac:78:c4:d0:80","10.200.10.53","Centro Congressuale Benedettine Aula 6 PT","Sala convegni"
753,6,"C.Congr_Benedettine_Aula5_PT","cc:46:d6:aa:d1:7c","10.200.10.62","Centro Congressuale Benedettine Aula5 PT","Sala convegni"
754,67,"Sapienza_SL-12/13_P2","70:70:8b:d0:1b:28","10.200.12.76","Sapienza_SL-12/13_P2","Didattica"
755,25,"INFN-CorridoioCiampa","cc:46:d6:7e:fa:bc","10.200.23.82","INFN PT Corridoio Ciampa","Docenti"
756,35,"MED-SC-Ed4-Psichiatria_LatoOvest","2c:d0:2d:3f:58:e4","10.200.1.64","Santa Chiara Ed.4 Psichiatria P1 Lato Ovest difronte AR","Medico"
757,25,"Polo2-B71-EdE-P3","70:70:8b:ef:1b:74","10.200.17.205","Marzotto Ed.E - Piano Terzo","Didattica"
758,56,"JUS-PalazzoRicciP2-Aula2","2c:d0:2d:3f:7e:de","10.200.12.177","Palazzo Ricci P2 Aula 2","Didattica"
759,26,"Ing_B44_Aula_4.4","cc:46:d6:7e:fa:ac","10.200.3.174","Ing. PoloC Aula 4.4","Didattica"
760,56,"JUS-PalazzoRicciP2-Atrio","50:0f:80:59:33:ec","10.200.12.178","Palazzo Ricci P2 Atrio","Transito"
761,6,"C.Congr_Benedettine_Aula3_P2","cc:46:d6:7f:40:94","10.200.10.54","C.Congressi Benedettine Aula3_P2","Sala convegni"
762,2,"AGR-B8_P1_AulaStudio","cc:46:d6:4d:dd:a4","10.200.23.166","Agraria B8 P1 Aula Studio","Biblioteca"
763,19,"AGR-Patologia_Vegetale_P1_corr","58:ac:78:bb:ae:58","10.200.11.145","Patologia Vegetale S.Piero P1 Corridoio","Transito"
764,39,"FILELI_Boileau_Aula6","cc:46:d6:96:80:4c","10.200.9.89","Palazzo Boileau Aula 6","Didattica"
765,17,"VET-B24-P2","e8:65:49:44:53:5c","10.200.16.201","Veterinaria Piagge P2","Didattica"
766,19,"AP_DC_SanPiero_P1","58:ac:78:bb:ae:f0","10.200.11.153","DC San Piero P1 corridoio Lato DX","Docenti"
767,67,"Sapienza_St38-P2","70:70:8b:74:b6:46","10.200.12.75","Sapienza_St38-P2","Docenti"
768,67,"Sapienza_Portineria-PT","2c:d0:2d:3f:58:ae","10.200.12.83","Sapienza_Portineria-PT","Transito"
769,35,"MED-SC-Ed43-P2_CentroSonno","70:70:8b:ef:1b:fe","10.200.6.118","Santa Chiara Ed.43 Centro del sonno","Medico"
770,35,"DipInt_CorridoioEST_AP_Sud","fc:99:47:94:8e:02","10.200.5.187","DipInt - Corridoio Est AP Sud PT","Segreterie Dipartimenti"
771,26,"Ing-B47-Aula_B-2.1","a4:6c:2a:f5:73:7c","10.200.4.53","Ingegneria Biennio","Didattica"
772,26,"Ing-B42-DIMNP-Capannone-P2","54:a2:74:f2:04:18","10.200.3.159","Ingegneria Meccanica Capannone P2","Docenti"
773,26,"Ing-B46-DII-P2-B","50:87:89:dd:ed:b5","10.200.3.233","ING-Triennio P2.5 DII","Didattica"
774,14,"CFS-ExSalesiani_P1_Corridoi","cc:46:d6:96:82:08","10.200.9.127","Ex Salesiani Via dei Mille P1 Corridoio","Transito"
775,9,"ECO_AP15_P1A","58:ac:78:c4:96:48","10.200.23.124","Economia P1 CorridoioA","Docenti"
776,14,"CFS-ExSalesiani_P3_Corridoio_B","cc:46:d6:7f:40:f8","10.200.9.148","Ex Salesiani Via dei Mille P3 Corridoio","Transito"
777,71,"MuseoCalcolo_PT_AP_2","cc:46:d6:aa:d6:10","10.200.6.245","Vecchi Macelli Museo Calcolo PT","Museo"
778,67,"Sapienza_SL-P1","70:7d:b9:b4:58:b2","10.200.12.80","Sapienza P1 Sala Lettura 1/2/3","Didattica"
779,14,"CFS-ExSalesiani_P1_SalaRiunioni","58:ac:78:c4:d1:3c","10.200.9.114","Ex Salesiani Via dei Mille P1 Sala Riunioni","Docenti"
780,6,"C.Congr_Benedettine_P_Int_SalaGr","cc:46:d6:4d:d8:70","10.200.10.65","C.Congr_Benedettine_P_Int_SalaGrande","Sala convegni"
781,6,"C.Congr_Benedettine_P_Int_Aula","cc:46:d6:4d:dd:9c","10.200.10.66","C.Congr_Benedettine_P_Int_Aula","Sala convegni"
782,19,"AP_DC_SanPiero_SM","58:ac:78:c4:d0:94","10.200.9.138","DC San Piero Sla Macchine","Docenti"
783,39,"FILELI_Venera_P3_Sud_Sx","54:a2:74:cb:2b:d4","10.200.10.129","Venera Corridoio P3 Sud sx","Docenti"
784,9,"ECO_AP7_P2C","58:ac:78:c4:d0:3c","10.200.23.227","Eco P2 Corridoio C","Docenti"
785,9,"ECO_AP2_P4","58:ac:78:bb:b1:c4","10.200.23.231","Economia P4","Docenti"
786,9,"ECO_AP11_P1C","cc:46:d6:7f:40:d4","10.200.23.202","Economia P1 Corridoio C","Docenti"
787,67,"Sapienza_Aula-37a_PT","70:70:8b:74:8a:be","10.200.12.70","Sapienza PT St.37a","Didattica"
788,45,"OrtoBotanico-B50-CorrDX-P1","70:7d:b9:b4:45:ae","10.200.10.98","Orto Botanico B50 Corr DX P1","Didattica"
789,67,"Sapienza_St34a-P1","a0:3d:6f:98:d1:60","10.200.12.74","Sapienza_st34a-P1","Docenti"
790,67,"Sapienza_EXT-PT-latoportineria","2c:d0:2d:3f:4b:9e","10.200.12.81","Sapienza_EXT-PT-lato portineria","Transito"
791,67,"Sapienza_SL-18_P2","a0:3d:6f:98:dd:be","10.200.12.79","Sapienza_SL-18_P2","Didattica"
792,39,"FILELI_Venera_P3_Nord_Corridoio","70:7d:b9:b4:3d:e8","10.200.9.93","Venera Ala NORD P3 Corridoio","Docenti"
793,18,"BIO-EologiaP1_Corridoio","70:7d:b9:b4:3f:84","10.200.12.168","Etologia V. Volta6 Corridoio scale","Transito"
794,67,"Sapienza_Aula-41_PT","70:7d:b9:b4:6f:42","10.200.12.66","Sapienza PT St.41","Didattica"
795,56,"JUS-PalazzoRicci_Ufficio_PT","50:0f:80:59:32:22","10.200.12.172","Palazzo Ricci Ufficio Polo4 dx","Segreterie Dipartimenti"
796,68,"DSP-A03-P1-Biblioteca","cc:46:d6:4d:dd:94","10.200.9.141","Sc. Politiche P1 Biblioteca","Biblioteca"
797,2,"AGR-B10_Stanza_15_P2","58:ac:78:bb:ac:94","10.200.23.84","Palazzina Economia Agraria B10","Docenti"
798,2,"AGR-B10_Stanza_16_P1","58:ac:78:c4:cb:2c","10.200.23.222","Palazzina Economia Agraria B10","Docenti"
799,30,"DST-B36-01-Aula_C","58:ac:78:c4:be:ac","10.200.9.124","DST P1 Aula C","Didattica"
800,17,"Cli_Vet_Box_Ricoveri","e0:2f:6d:12:5c:ae","10.10.0.151","Clinica Veterinaria Box Esterno","Docenti"
801,37,"Ex_Chimica_Aula4","54:a2:74:f2:04:10","10.200.9.81","Ex_Chimica-Aula 4 P1","Didattica"
802,25,"Aule-B55-00-AulaStudio_1A","cc:46:d6:96:84:88","10.200.23.76","Polo Fibonacci Aula Studio PT","Didattica"
803,26,"Ing-B44-PT-PoloC","cc:46:d6:96:84:90","10.200.3.198","Ing. PoloC PT","Didattica"
804,52,"PalCongressi_CorridoioRoom","cc:46:d6:96:84:34","10.200.9.120","Palazzo Congressi PT","Sala convegni"
805,44,"MC-Lab_Restauro_Animali","58:ac:78:c4:d1:98","10.200.23.123","Museo di Calci Lab restauro animali","Museo"
806,19,"CentroAvanzi_Podere_Bargagna","58:ac:78:bb:b2:00","10.200.11.183","Podere Bargagna S.Piero","Docenti"
807,26,"Ing-B46-Destec_AP_A","cc:46:d6:aa:d3:f8","10.200.3.243","Ex. Energetica B P1 sez. Macchine","Didattica"
808,6,"C.Congr_Benedettine_Aula5_P1","cc:46:d6:4d:dd:d8","10.200.10.64","Centro Congressi Benedettine Aula5_P1","Sala convegni"
809,17,"VET-B25-P1","58:ac:78:c4:d2:a4","10.200.23.80","Veterinaria Piagge B25 P1","Didattica"
810,56,"JUS-PalazzoRicciP2-CorB","70:70:8b:cf:f3:68","10.200.12.181","Palazzo Ricci P2 corridoioB Navarretta","Transito"
811,23,"CIS_MED_Ed31_NeuroRadiolog_P2","a0:3d:6f:98:a9:7c","10.200.17.63","Cisanello Ed31 P2 NeuroRadiologia","Medico"
812,19,"Centro_Avanzi_P1_Corridoio","cc:46:d6:7f:3e:c0","10.200.9.145","Centro Avanzi P1","Transito"
813,19,"Centro_Avanzi_PT_Corridoio1","cc:46:d6:96:83:dc","10.200.9.128","Centro Avanzi Corridoio","Transito"
814,19,"Centro_Avanzi_PT_Corridoio2","58:ac:78:bb:ad:60","10.200.9.129","Centro Avanzi PT","Transito"
815,71,"SMA_Coordinamento","70:70:8b:d0:1b:4c","10.200.4.76","Vecchi Macelli Palazzina D P1","Docenti"
816,56,"JUS-PalazzoRicci_Aula3_P3","a0:3d:6f:98:a9:7a","10.200.12.173","Jus palazo Ricci P3 Aula3","Didattica"
817,26,"Polo_Etruria_Aula_F9_Bis","58:ac:78:bb:b2:20","10.200.4.249","Polo Etruria Aula 9","Didattica"
818,68,"DSP_A03_P3_Corridoio","cc:46:d6:7f:40:b0","10.200.9.192","Sc. Pol. Pal. Bianchi Monzon P3","Transito"
819,39,"FILELI-A09-P1_A","58:ac:78:c4:d1:34","10.200.9.80","Palazzo Scala P1","Didattica"
839,3,"Amm.Centr_P2:PalazzoVitellino","70:7d:b9:b4:6f:54","10.200.11.175","Palazzo Vitellino P2","Amministrazione Centrale"
841,2,"BIBLIO-AGR_B9_DAGA_PT","2c:d0:2d:3f:4f:f2","10.200.17.160","Biblio PT ex DAGA","Biblioteca"
842,39,"FILELI_Boileau_Aula3","54:a2:74:1b:91:6c","10.200.10.114","Palazzo Boileau Aula 3","Didattica"
843,39,"FILELI_Palazzo_Matteucci_Ext","64:9e:f3:01:0e:da","10.200.10.43","Palazzo Matteucci","Transito"
844,39,"FILELI_Venera_P3_Sud_dx","a0:3d:6f:98:aa:9c","10.200.10.23","Venera Ala SUD_P3_dx","Docenti"
845,26,"Ing-B40-Destec-Idraulica_P1_Corr","58:ac:78:c4:cb:48","10.200.6.155","Ing B40 P1 Idraulica Via Gabba Corridoio","Transito"
846,26,"Ing-B40-Destec-Idraulica_PT_Segr","28:94:0f:39:14:56","10.200.4.247","Ing B40 PT Idraulica Via Gabba Segreteria","Segreterie Dipartimenti"
847,26,"Ing-B40-Destec-Idraulica-P1_Aula","28:94:0f:63:cb:34","10.200.4.246","Ing B40 P1 Idraulica Via Gabba Aula","Didattica"
848,26,"Ing-B40-Destec-Idraulica-P1_Lab","a4:6c:2a:f5:6e:6c","10.200.6.168","Ingegneria Idraulica Via Gabba P1 Laboratorio","Didattica"
849,26,"Ing-B40-Destec-Idraulica-PT-Lab","54:a2:74:d1:42:0c","10.200.6.165","Ingegneria Idraulica Via Gabba PT","Didattica"
850,26,"Ing-B40-Destec-Idraulica-PT-Off","24:e9:b3:7c:8b:dd","10.200.6.164","Ingegneria Idraulica Via Gabba PT Officina","Didattica"
851,26,"Ing-B46-DICI-Strutture-Liv1","a0:3d:6f:98:dc:82","10.200.6.175","Triennio Ingegneria Strutturale","Didattica"
852,26,"Ing-B46-DICI-Strutture-Liv2","a0:3d:6f:98:dc:f6","10.200.6.176","Triennio Ingegneria Strutturale","Didattica"
853,26,"Ing-B46-DICI-Strutture-Liv4","70:7d:b9:b4:40:e6","10.200.6.177","Triennio Ingegneria Strutturale","Didattica"
854,26,"Ing-B46-DICI-Strutture-Liv5","28:94:0f:26:32:76","10.200.6.179","Triennio Ingegneria Strutturale","Didattica"
855,56,"JUS-A13-PiazzaCavalieri_Ext","64:9e:f3:0e:a0:99","10.200.9.57","Dipartimento di Diritto Pubblico","Transito"
856,44,"MC_Sala_Primati",,,,"Museo"
857,44,"MC-Sala_Primati","00:22:bd:df:04:16","10.200.17.170","Museo Calci Sala Primati","Museo"
878,9,"PEA-E-Learning_aulaO2","f4:0f:1b:81:08:80","10.200.23.207","Polo Economia Agraria - P2 Aula O2","Didattica"
879,2,"BIBLIO-AGR_B9_Segr_PT","70:70:8b:74:8e:88","10.200.17.159","Biblio PT ex DCDSL Segreterie","Biblioteca"
